,MatchId,MapName,RoundNum,Tick,Second,PlayerSteamId,PlayerName,PlayerTeam,PlayerX,PlayerY,PlayerZ,BombAction,BombSite
0,Liga-Gamers-Club-2021-Serie-A-April-Cup-santos-vs-sws-bo3,de_overpass,1,23419,59.5703125,76561198169934019,★ ⑳ MaLLby,Santos e-Sports,-2549.361572265625,645.96875,480.03125,plant,A
1,Liga-Gamers-Club-2021-Serie-A-April-Cup-santos-vs-sws-bo3,de_overpass,1,27867,94.3203125,76561197963277583,★ ㉑ matios,SWS Gaming,-2507.430908203125,645.3199462890625,480.03125,defuse,A
2,Liga-Gamers-Club-2021-Serie-A-April-Cup-santos-vs-sws-bo3,de_overpass,2,41686,82.9375,76561198148561509,★ ㉑ cass1n,Santos e-Sports,-954.5255737304688,-31.59541130065918,96.03125,plant,B
3,Liga-Gamers-Club-2021-Serie-A-April-Cup-santos-vs-sws-bo3,de_overpass,3,59274,71.375,76561198169934019,★ ⑳ MaLLby,Santos e-Sports,-1166.4888916015625,-79.72710418701172,98.03125,plant,B
4,Liga-Gamers-Club-2021-Serie-A-April-Cup-santos-vs-sws-bo3,de_overpass,4,75832,63.34375,76561198128804839,★ ㉑ voltera,Santos e-Sports,-1166.4888916015625,-73.47115325927734,98.03125,plant,B
5,Liga-Gamers-Club-2021-Serie-A-April-Cup-santos-vs-sws-bo3,de_overpass,5,94851,82.5625,76561198131356591,★ ㉑ BobZ,Santos e-Sports,-1166.4888916015625,-96.5238037109375,98.03125,plant,B
6,Liga-Gamers-Club-2021-Serie-A-April-Cup-santos-vs-sws-bo3,de_overpass,6,123094,91.9375,76561198148561509,★ ㉑ cass1n,Santos e-Sports,-1166.4888916015625,-66.88391876220703,98.03125,plant,B
7,Liga-Gamers-Club-2021-Serie-A-April-Cup-santos-vs-sws-bo3,de_overpass,7,150078,60.59375,76561198131356591,★ ㉑ BobZ,Santos e-Sports,-1159.897216796875,-88.10826110839844,98.03125,plant,B
8,Liga-Gamers-Club-2021-Serie-A-April-Cup-santos-vs-sws-bo3,de_overpass,8,165922,57.78125,76561198128804839,★ ㉑ voltera,Santos e-Sports,-2549.89306640625,645.8753051757812,480.03125,plant,A
9,Liga-Gamers-Club-2021-Serie-A-April-Cup-santos-vs-sws-bo3,de_overpass,10,207999,104.15625,76561198169934019,★ ⑳ MaLLby,Santos e-Sports,-2085.366943359375,557.791259765625,522.7301635742189,plant,A
10,Liga-Gamers-Club-2021-Serie-A-April-Cup-santos-vs-sws-bo3,de_overpass,10,209709,117.515625,76561198051070311,★ ㉑ phx,SWS Gaming,-2063.214599609375,565.021240234375,519.02294921875,defuse,A
11,Liga-Gamers-Club-2021-Serie-A-April-Cup-santos-vs-sws-bo3,de_overpass,11,222005,71.0625,76561198131356591,★ ㉑ BobZ,Santos e-Sports,-1166.4888916015625,-100.38992309570312,98.03125,plant,B
12,Liga-Gamers-Club-2021-Serie-A-April-Cup-santos-vs-sws-bo3,de_overpass,11,225354,97.2265625,76561198135228658,★ ㉑ gafolo,SWS Gaming,-1166.4888916015625,-123.99628448486328,98.03125,defuse,B
13,Liga-Gamers-Club-2021-Serie-A-April-Cup-santos-vs-sws-bo3,de_overpass,12,238643,78.84375,76561198143294452,★ ㉑ keiz,Santos e-Sports,-2565.2109375,643.1885986328125,480.03125,plant,A
14,Liga-Gamers-Club-2021-Serie-A-April-Cup-santos-vs-sws-bo3,de_overpass,13,260279,42.5625,76561198148561509,★ ㉑ cass1n,Santos e-Sports,-1166.4888916015625,-73.60775756835938,98.03125,plant,B
15,Liga-Gamers-Club-2021-Serie-A-April-Cup-santos-vs-sws-bo3,de_overpass,16,308681,83.46875,76561198135228658,★ ㉑ gafolo,SWS Gaming,-1251.69287109375,10.004716873168944,98.03125,plant,B
16,Liga-Gamers-Club-2021-Serie-A-April-Cup-santos-vs-sws-bo3,de_overpass,16,312562,113.7890625,76561198148561509,★ ㉑ cass1n,Santos e-Sports,-1191.871337890625,21.217580795288086,99.03125,defuse,B
17,Liga-Gamers-Club-2021-Serie-A-April-Cup-santos-vs-sws-bo3,de_overpass,17,326101,80.78125,76561198051070311,★ ㉑ phx,SWS Gaming,-2555.135986328125,644.9675903320312,480.03125,plant,A
18,Liga-Gamers-Club-2021-Serie-A-April-Cup-santos-vs-sws-bo3,de_overpass,21,386002,103.125,76561198061789000,★ ㉑ RICIOLI,SWS Gaming,-2545.512939453125,646.6669921875,480.03125,plant,A
19,Liga-Gamers-Club-2021-Serie-A-April-Cup-santos-vs-sws-bo3,de_overpass,21,389979,134.1953125,76561198169934019,★ ⑳ MaLLby,Santos e-Sports,-2490.083251953125,618.9957275390625,480.03125,defuse,A
20,Liga-Gamers-Club-2021-Serie-A-April-Cup-santos-vs-sws-bo3,de_overpass,22,405495,96.21875,76561197963277583,★ ㉑ matios,SWS Gaming,-2498.030029296875,642.4138793945312,480.023681640625,plant,A
21,Liga-Gamers-Club-2021-Serie-A-April-Cup-santos-vs-sws-bo3,de_nuke,3,44409,112.2890625,76561198051070311,★ ㉑ phx,SWS Gaming,614.6992797851562,-769.8682250976562,-415.96875,plant,A
22,Liga-Gamers-Club-2021-Serie-A-April-Cup-santos-vs-sws-bo3,de_nuke,4,61072,106.5625,76561198286138224,★ ㉑ BGalvao90,SWS Gaming,771.4475708007812,-570.6080322265625,-399.96875,plant,A
23,Liga-Gamers-Club-2021-Serie-A-April-Cup-santos-vs-sws-bo3,de_nuke,6,96186,91.5625,76561197963277583,★ ㉑ matios,SWS Gaming,702.8117065429688,-629.42578125,-399.96875,plant,A
24,Liga-Gamers-Club-2021-Serie-A-April-Cup-santos-vs-sws-bo3,de_nuke,8,130402,93.71875,76561198135228658,★ ㉑ gafolo,SWS Gaming,649.592529296875,-1300.989501953125,-766.96875,plant,B
25,Liga-Gamers-Club-2021-Serie-A-April-Cup-santos-vs-sws-bo3,de_nuke,8,132618,111.03125,76561198131356591,★ ㉑ BobZ,Santos e-Sports,588.0824584960938,-1301.7694091796875,-766.96875,defuse,B
26,Liga-Gamers-Club-2021-Serie-A-April-Cup-santos-vs-sws-bo3,de_nuke,13,210966,55.84375,76561197963277583,★ ㉑ matios,SWS Gaming,742.5950317382812,-590.5534057617188,-399.96875,plant,A
27,Liga-Gamers-Club-2021-Serie-A-April-Cup-santos-vs-sws-bo3,de_nuke,13,214730,85.25,76561198169934019,★ ⑳ MaLLby,Santos e-Sports,764.9307861328125,-533.5858764648439,-403.9298400878906,defuse,A
28,Liga-Gamers-Club-2021-Serie-A-April-Cup-santos-vs-sws-bo3,de_nuke,15,272590,54.6875,76561198051070311,★ ㉑ phx,SWS Gaming,851.562255859375,-865.8578491210938,-767.96875,plant,B
29,Liga-Gamers-Club-2021-Serie-A-April-Cup-santos-vs-sws-bo3,de_nuke,16,292659,53.0625,76561198148561509,★ ㉑ cass1n,Santos e-Sports,443.1529846191406,-717.0036010742188,-767.96875,plant,B
30,Liga-Gamers-Club-2021-Serie-A-April-Cup-santos-vs-sws-bo3,de_nuke,17,306170,48.8125,76561198131356591,★ ㉑ BobZ,Santos e-Sports,643.7462158203125,-821.0806884765625,-415.96875,plant,A
31,Liga-Gamers-Club-2021-Serie-A-April-Cup-santos-vs-sws-bo3,de_nuke,18,318556,32.5625,76561198148561509,★ ㉑ cass1n,Santos e-Sports,628.0089111328125,-783.8724975585938,-415.96875,plant,A
32,Liga-Gamers-Club-2021-Serie-A-April-Cup-santos-vs-sws-bo3,de_nuke,21,411118,106.9375,76561198131356591,★ ㉑ BobZ,Santos e-Sports,851.2652587890625,-966.5332641601562,-767.96875,plant,B
33,Liga-Gamers-Club-2021-Serie-A-April-Cup-santos-vs-sws-bo3,de_nuke,23,443181,87.71875,76561198148561509,★ ㉑ cass1n,Santos e-Sports,406.5400390625,-705.9368286132812,-767.96875,plant,B
34,Flashpoint-3-ClosedQualifier-complexity-vs-mousesports-bo3,de_overpass,2,38743,88.83464566929132,76561198077802866,poizon,compLexity,-1166.4888916015625,-72.22357940673828,98.03125,plant,B
35,Flashpoint-3-ClosedQualifier-complexity-vs-mousesports-bo3,de_overpass,10,133222,45.039370078740156,76561198023592320,RUSH,compLexity,-1166.4888916015625,-84.357421875,98.03125,plant,B
36,Flashpoint-3-ClosedQualifier-complexity-vs-mousesports-bo3,de_overpass,15,192926,110.85039370078741,76561197977105184,jks,compLexity,-1166.457763671875,-96.7920379638672,98.03125,plant,B
37,Flashpoint-3-ClosedQualifier-complexity-vs-mousesports-bo3,de_overpass,15,196271,137.18897637795277,76561198068422762,frozen,mousesports,-1136.9976806640625,-94.77410888671876,98.03125,defuse,B
38,Flashpoint-3-ClosedQualifier-complexity-vs-mousesports-bo3,de_overpass,16,205152,34.65354330708661,76561198061801241,leratao,mousesports,-1176.2406005859375,206.1405487060547,98.03125,plant,B
39,Flashpoint-3-ClosedQualifier-complexity-vs-mousesports-bo3,de_overpass,18,240530,78.88188976377954,76561198093386355,Bymas,mousesports,-2136.619873046875,567.2592163085938,514.581787109375,plant,A
40,Flashpoint-3-ClosedQualifier-complexity-vs-mousesports-bo3,de_overpass,19,263216,115.1653543307087,76561198002942763,terminacoR,mousesports,-2131.740966796875,569.9547729492188,514.4892578125,plant,A
41,Flashpoint-3-ClosedQualifier-complexity-vs-mousesports-bo3,de_overpass,19,266761,143.07874015748033,76561198028458803,blameF,compLexity,-2129.76904296875,571.088134765625,514.4495239257811,defuse,A
42,Flashpoint-3-ClosedQualifier-complexity-vs-mousesports-bo3,de_overpass,22,312492,78.97637795275591,76561198093386355,Bymas,mousesports,-2184.841552734375,529.5623168945311,480.03125,plant,A
43,Flashpoint-3-ClosedQualifier-complexity-vs-mousesports-bo3,de_overpass,23,333169,96.28346456692915,76561198061801241,leratao,mousesports,-2523.388427734375,650.187255859375,480.03125,plant,A
44,Flashpoint-3-ClosedQualifier-complexity-vs-mousesports-bo3,de_overpass,24,355110,113.08661417322834,76561198068422762,frozen,mousesports,-2508.24951171875,780.85888671875,475.03125,plant,A
45,Flashpoint-3-ClosedQualifier-complexity-vs-mousesports-bo3,de_nuke,4,52418,95.44094488188976,76561198093386355,Bymas,mousesports,568.0594482421875,-1227.6251220703125,-752.84375,plant,B
46,Flashpoint-3-ClosedQualifier-complexity-vs-mousesports-bo3,de_nuke,5,75857,103.94488188976378,76561198093386355,Bymas,mousesports,571.2449340820312,-1226.1541748046875,-752.84375,plant,B
47,Flashpoint-3-ClosedQualifier-complexity-vs-mousesports-bo3,de_nuke,5,78640,125.85826771653544,76561198028458803,blameF,compLexity,577.7853393554688,-1263.5205078125,-769.96875,defuse,B
48,Flashpoint-3-ClosedQualifier-complexity-vs-mousesports-bo3,de_nuke,10,150117,85.31496062992126,76561198093386355,Bymas,mousesports,719.7676391601562,-1158.610107421875,-752.84375,plant,B
49,Flashpoint-3-ClosedQualifier-complexity-vs-mousesports-bo3,de_nuke,11,171037,90.03149606299213,76561197991272318,ropz,mousesports,471.23248291015625,-1029.824951171875,-771.96875,plant,B
50,Flashpoint-3-ClosedQualifier-complexity-vs-mousesports-bo3,de_nuke,12,183022,54.23622047244095,76561198061801241,leratao,mousesports,660.3983154296875,-767.181396484375,-399.96875,plant,A
51,Flashpoint-3-ClosedQualifier-complexity-vs-mousesports-bo3,de_nuke,13,203810,97.15748031496064,76561198068422762,frozen,mousesports,709.3052368164062,-793.5167846679688,-399.96875,plant,A
52,Flashpoint-3-ClosedQualifier-complexity-vs-mousesports-bo3,de_nuke,14,216194,30.984251968503933,76561198061801241,leratao,mousesports,612.6318969726562,-519.6515502929689,-414.96875,plant,A
53,Flashpoint-3-ClosedQualifier-complexity-vs-mousesports-bo3,de_nuke,15,227740,42.79527559055118,76561198061801241,leratao,mousesports,559.96875,-1192.4398193359375,-769.96875,plant,B
54,Flashpoint-3-ClosedQualifier-complexity-vs-mousesports-bo3,de_nuke,19,284496,75.90551181102363,76561197977105184,jks,compLexity,638.9161376953125,-775.541748046875,-415.96875,plant,A
55,Flashpoint-3-ClosedQualifier-complexity-vs-mousesports-bo3,de_nuke,22,320527,75.14173228346456,76561197977105184,jks,compLexity,744.1304321289062,-605.3783569335938,-399.96875,plant,A
56,Flashpoint-3-ClosedQualifier-complexity-vs-mousesports-bo3,de_nuke,23,334365,69.29133858267717,76561197979669175,k0nfig,compLexity,736.5814819335938,-786.7982788085938,-399.96875,plant,A
57,Flashpoint-3-ClosedQualifier-complexity-vs-mousesports-bo3,de_nuke,23,338674,103.22047244094487,76561198061801241,leratao,mousesports,728.9974365234375,-835.6204223632812,-399.96875,defuse,A
58,Flashpoint-3-ClosedQualifier-complexity-vs-mousesports-bo3,de_nuke,25,357155,65.97637795275591,76561198023592320,RUSH,compLexity,827.4303588867188,-929.0641479492188,-771.96875,plant,B
59,Flashpoint-3-ClosedQualifier-complexity-vs-mousesports-bo3,de_nuke,25,360299,90.73228346456692,76561198068422762,frozen,mousesports,838.513671875,-868.7017211914062,-771.96875,defuse,B
60,DreamHack-Masters-Spring-2021-g2-vs-mousesports-bo3,de_mirage,1,7806,32.25196850393701,76561198068944951,AmaNEk,G2 Esports,-554.8225708007811,-2103.6689453125,-179.96875,plant,A
61,DreamHack-Masters-Spring-2021-g2-vs-mousesports-bo3,de_mirage,2,23238,54.9763779527559,76561198012872053,huNter-,G2 Esports,-253.9687957763672,-2134.075439453125,-172.95138549804688,plant,A
62,DreamHack-Masters-Spring-2021-g2-vs-mousesports-bo3,de_mirage,3,44702,102.48031496062993,76561197972242917,JACKZ,G2 Esports,-554.998046875,-2103.69140625,-179.96875,plant,A
63,DreamHack-Masters-Spring-2021-g2-vs-mousesports-bo3,de_mirage,5,73381,88.71653543307085,76561197972242917,JACKZ,G2 Esports,-253.96875,-2134.075439453125,-172.94696044921875,plant,A
64,DreamHack-Masters-Spring-2021-g2-vs-mousesports-bo3,de_mirage,6,91409,99.50393700787399,76561198012872053,huNter-,G2 Esports,-554.9957885742189,-2104.08837890625,-179.96875,plant,A
65,DreamHack-Masters-Spring-2021-g2-vs-mousesports-bo3,de_mirage,6,94335,122.54330708661419,76561198068422762,frozen,mousesports,-523.4694213867189,-2135.171875,-179.96875,defuse,A
66,DreamHack-Masters-Spring-2021-g2-vs-mousesports-bo3,de_mirage,8,127045,98.38582677165354,76561197999825422,nexa,G2 Esports,-2018.8709716796875,439.3924865722656,-159.96875,plant,B
67,DreamHack-Masters-Spring-2021-g2-vs-mousesports-bo3,de_mirage,9,141715,73.22834645669292,76561197972242917,JACKZ,G2 Esports,-1968.00439453125,450.001220703125,-159.96875,plant,B
68,DreamHack-Masters-Spring-2021-g2-vs-mousesports-bo3,de_mirage,10,169406,115.11023622047243,76561197999825422,nexa,G2 Esports,-1920.797607421875,242.7486267089844,-159.96875,plant,B
69,DreamHack-Masters-Spring-2021-g2-vs-mousesports-bo3,de_mirage,11,189063,103.77952755905513,76561198041683378,NiKo,G2 Esports,-1919.33740234375,242.0035400390625,-159.96875,plant,B
70,DreamHack-Masters-Spring-2021-g2-vs-mousesports-bo3,de_mirage,11,192374,129.8503937007874,76561197991272318,ropz,mousesports,-1886.926025390625,255.03948974609372,-159.96875,defuse,B
71,DreamHack-Masters-Spring-2021-g2-vs-mousesports-bo3,de_mirage,12,203658,63.65354330708662,76561197999825422,nexa,G2 Esports,-253.9906005859375,-2134.02734375,-172.9479217529297,plant,A
72,DreamHack-Masters-Spring-2021-g2-vs-mousesports-bo3,de_mirage,13,221663,97.24409448818899,76561197972242917,JACKZ,G2 Esports,-1987.03125,419.47314453125,-159.96875,plant,B
73,DreamHack-Masters-Spring-2021-g2-vs-mousesports-bo3,de_mirage,15,263449,73.66141732283465,76561197999825422,nexa,G2 Esports,-1904.5948486328125,254.2418212890625,-159.96875,plant,B
74,DreamHack-Masters-Spring-2021-g2-vs-mousesports-bo3,de_mirage,16,297836,37.10236220472441,76561198061801241,dexter,mousesports,-1987.03125,435.2931213378906,-159.96875,plant,B
75,DreamHack-Masters-Spring-2021-g2-vs-mousesports-bo3,de_mirage,16,302722,75.5748031496063,76561197972242917,JACKZ,G2 Esports,-2000.4683837890625,375.8458862304688,-159.96875,defuse,B
76,DreamHack-Masters-Spring-2021-g2-vs-mousesports-bo3,de_mirage,20,357251,67.88188976377954,76561198002942763,acoR,mousesports,-484.2057800292969,-2030.9383544921875,-179.96875,plant,A
77,DreamHack-Masters-Spring-2021-g2-vs-mousesports-bo3,de_mirage,21,374380,68.35433070866142,76561198002942763,acoR,mousesports,-491.5819091796875,-2012.085693359375,-179.96875,plant,A
78,DreamHack-Masters-Spring-2021-g2-vs-mousesports-bo3,de_mirage,22,390466,60.14173228346458,76561198093386355,Bymas,mousesports,-253.9941711425781,-2134.01416015625,-172.95114135742188,plant,A
79,DreamHack-Masters-Spring-2021-g2-vs-mousesports-bo3,de_mirage,23,412576,107.57480314960631,76561198061801241,dexter,mousesports,-497.9513244628906,-2014.757568359375,-179.96875,plant,A
80,DreamHack-Masters-Spring-2021-g2-vs-mousesports-bo3,de_mirage,24,435556,76.00787401574803,76561198061801241,dexter,mousesports,-497.83306884765625,-2017.850341796875,-179.96875,plant,A
81,DreamHack-Masters-Spring-2021-g2-vs-mousesports-bo3,de_mirage,26,466921,84.62204724409449,76561198061801241,dexter,mousesports,-493.0525817871094,-2017.8936767578125,-179.96875,plant,A
82,DreamHack-Masters-Spring-2021-g2-vs-mousesports-bo3,de_mirage,27,479484,50.06299212598425,76561198061801241,dexter,mousesports,-1887.8848876953125,246.94879150390625,-159.96875,plant,B
83,DreamHack-Masters-Spring-2021-g2-vs-mousesports-bo3,de_vertigo,5,73516,92.3359375,76561198002942763,acoR,mousesports,-112.03125,-540.9251708984375,11776.03125,plant,A
84,DreamHack-Masters-Spring-2021-g2-vs-mousesports-bo3,de_vertigo,5,75233,105.75,76561198041683378,NiKo,G2 Esports,-163.47496032714844,-575.1091918945312,11774.03125,defuse,A
85,DreamHack-Masters-Spring-2021-g2-vs-mousesports-bo3,de_vertigo,9,151432,90.140625,76561198093386355,Bymas,mousesports,-379.0326232910156,-689.9834594726562,11775.02734375,plant,A
86,DreamHack-Masters-Spring-2021-g2-vs-mousesports-bo3,de_vertigo,10,173668,72.828125,76561198061801241,dexter,mousesports,-2216.03125,873.620361328125,11744.03125,plant,B
87,DreamHack-Masters-Spring-2021-g2-vs-mousesports-bo3,de_vertigo,11,192712,88.6484375,76561198061801241,dexter,mousesports,-2216.03125,864.8444213867188,11744.03125,plant,B
88,DreamHack-Masters-Spring-2021-g2-vs-mousesports-bo3,de_vertigo,12,214418,103.5625,76561197991272318,ropz,mousesports,-2146.046875,744.4222412109375,11744.03125,plant,B
89,DreamHack-Masters-Spring-2021-g2-vs-mousesports-bo3,de_vertigo,13,233669,95.890625,76561198061801241,dexter,mousesports,-278.372314453125,-713.0107421875,11776.03125,plant,A
90,DreamHack-Masters-Spring-2021-g2-vs-mousesports-bo3,de_vertigo,15,276735,92.734375,76561198061801241,dexter,mousesports,-2216.03125,860.1727294921875,11744.03125,plant,B
91,DreamHack-Masters-Spring-2021-g2-vs-mousesports-bo3,de_vertigo,18,332631,44.8359375,76561197999825422,nexa,G2 Esports,-2216.03125,864.9053955078125,11744.03125,plant,B
92,DreamHack-Masters-Spring-2021-g2-vs-mousesports-bo3,de_vertigo,20,368707,77.7578125,76561198041683378,NiKo,G2 Esports,-362.0809631347656,-686.2300415039062,11774.55859375,plant,A
93,DreamHack-Masters-Spring-2021-g2-vs-mousesports-bo3,de_vertigo,21,388031,88.3515625,76561197999825422,nexa,G2 Esports,-2216.03125,871.8248901367188,11744.03125,plant,B
94,DreamHack-Masters-Spring-2021-g2-vs-mousesports-bo3,de_vertigo,22,403406,80.125,76561198068944951,AmaNEk,G2 Esports,-290.3209228515625,-713.0146484375,11776.03125,plant,A
95,DreamHack-Masters-Spring-2021-g2-vs-mousesports-bo3,de_vertigo,23,422114,43.3984375,76561198012872053,huNter-,G2 Esports,-347.0044860839844,-682.810791015625,11774.130859375,plant,A
96,DreamHack-Masters-Spring-2021-g2-vs-mousesports-bo3,de_vertigo,23,425625,70.828125,76561197991272318,ropz,mousesports,-352.09173583984375,-691.2557373046875,11775.1865234375,defuse,A
97,DreamHack-Masters-Spring-2021-g2-vs-mousesports-bo3,de_vertigo,24,439882,86.3828125,76561197999825422,nexa,G2 Esports,-2155.407958984375,666.39697265625,11744.03125,plant,B
98,DreamHack-Masters-Spring-2021-g2-vs-mousesports-bo3,de_vertigo,24,441637,100.09375,76561198093386355,Bymas,mousesports,-2199.47998046875,653.1036987304688,11744.03125,defuse,B
99,DreamHack-Masters-Spring-2021-g2-vs-mousesports-bo3,de_vertigo,25,453684,69.1171875,76561197972242917,JACKZ,G2 Esports,-2216.010498046875,880.5756225585938,11744.03125,plant,B
100,DreamHack-Masters-Spring-2021-g2-vs-mousesports-bo3,de_vertigo,26,472638,92.046875,76561198012872053,huNter-,G2 Esports,-2216.002685546875,861.4048461914062,11744.03125,plant,B
101,DreamHack-Masters-Spring-2021-big-vs-heroic-bo3,de_nuke,1,25100,29.921259842519685,76561198004115516,cadiaN,HEROIC,655.1669311523438,-1300.41796875,-766.96875,plant,B
102,DreamHack-Masters-Spring-2021-big-vs-heroic-bo3,de_nuke,1,27428,48.25196850393701,76561197997556936,tiziaN,BIG,674.8065185546875,-1346.2401123046875,-767.96875,defuse,B
103,DreamHack-Masters-Spring-2021-big-vs-heroic-bo3,de_nuke,2,40602,38.26771653543307,76561197996678278,TeSeS,HEROIC,652.847900390625,-1319.5950927734375,-766.96875,plant,B
104,DreamHack-Masters-Spring-2021-big-vs-heroic-bo3,de_nuke,3,57195,72.37795275590551,76561197996678278,TeSeS,HEROIC,843.90087890625,-1102.43408203125,-767.96875,plant,B
105,DreamHack-Masters-Spring-2021-big-vs-heroic-bo3,de_nuke,4,70959,41.85039370078739,76561197996678278,TeSeS,HEROIC,340.03125,-740.4780883789062,-771.96875,plant,B
106,DreamHack-Masters-Spring-2021-big-vs-heroic-bo3,de_nuke,5,83183,51.22047244094488,76561197996678278,TeSeS,HEROIC,616.4781494140625,-770.2218627929688,-415.96875,plant,A
107,DreamHack-Masters-Spring-2021-big-vs-heroic-bo3,de_nuke,6,110179,107.88976377952757,76561198160709585,sjuush,HEROIC,794.2904663085938,-601.6630249023438,-399.96875,plant,A
108,DreamHack-Masters-Spring-2021-big-vs-heroic-bo3,de_nuke,6,112204,123.8346456692913,76561198182462587,k1to,BIG,830.4728393554688,-625.593017578125,-399.96875,defuse,A
109,DreamHack-Masters-Spring-2021-big-vs-heroic-bo3,de_nuke,8,140556,61.732283464566926,76561198022365638,stavn,HEROIC,418.76556396484375,-696.638916015625,-767.96875,plant,B
110,DreamHack-Masters-Spring-2021-big-vs-heroic-bo3,de_nuke,9,163703,85.50393700787401,76561197996678278,TeSeS,HEROIC,642.3344116210938,-1296.1923828125,-766.96875,plant,B
111,DreamHack-Masters-Spring-2021-big-vs-heroic-bo3,de_nuke,9,167517,115.53543307086616,76561197980122997,syrsoN,BIG,587.7544555664062,-1266.8310546875,-769.96875,defuse,B
112,DreamHack-Masters-Spring-2021-big-vs-heroic-bo3,de_nuke,13,211204,105.58267716535431,76561197996678278,TeSeS,HEROIC,539.4408569335939,-917.2506103515624,-406.5455932617188,plant,A
113,DreamHack-Masters-Spring-2021-big-vs-heroic-bo3,de_nuke,13,213959,127.27559055118108,76561197980122997,syrsoN,BIG,559.0914306640625,-974.0555419921876,-415.96875,defuse,A
114,DreamHack-Masters-Spring-2021-big-vs-heroic-bo3,de_nuke,20,329018,84.41732283464567,76561197961491680,tabseN,BIG,801.5579833984375,-609.3133544921875,-399.96875,plant,A
115,DreamHack-Masters-Spring-2021-big-vs-heroic-bo3,de_nuke,20,331248,101.97637795275593,76561198160709585,sjuush,HEROIC,781.8448486328125,-551.5513916015625,-399.96875,defuse,A
116,DreamHack-Masters-Spring-2021-big-vs-heroic-bo3,de_nuke,21,346812,97.35433070866142,76561197980122997,syrsoN,BIG,756.7498779296875,-584.6609497070312,-399.96875,plant,A
117,DreamHack-Masters-Spring-2021-big-vs-heroic-bo3,de_nuke,21,350696,127.93700787401578,76561198004115516,cadiaN,HEROIC,783.9887084960938,-590.350830078125,-399.96875,defuse,A
118,DreamHack-Masters-Spring-2021-big-vs-heroic-bo3,de_nuke,22,362100,64.5984251968504,76561198182462587,k1to,BIG,692.8683471679688,-596.780517578125,-399.96875,plant,A
119,DreamHack-Masters-Spring-2021-big-vs-heroic-bo3,de_nuke,23,378067,48.7244094488189,76561197961491680,tabseN,BIG,773.0149536132812,-605.96875,-399.96875,plant,A
120,DreamHack-Masters-Spring-2021-big-vs-heroic-bo3,de_nuke,27,436300,101.97637795275593,76561197961491680,tabseN,BIG,389.5620727539063,-703.1707153320312,-767.96875,plant,B
121,DreamHack-Masters-Spring-2021-big-vs-heroic-bo3,de_nuke,27,440228,132.90551181102362,76561198160709585,sjuush,HEROIC,441.2049560546875,-736.0964965820312,-771.96875,defuse,B
122,DreamHack-Masters-Spring-2021-big-vs-heroic-bo3,de_mirage,2,46515,91.875,76561197997556936,tiziaN,BIG,-338.7597351074219,-2040.8773193359373,-176.341796875,plant,A
123,DreamHack-Masters-Spring-2021-big-vs-heroic-bo3,de_mirage,2,50424,122.4140625,76561197996678278,TeSeS,HEROIC,-321.0020446777344,-2036.171630859375,-174.55418395996094,defuse,A
124,DreamHack-Masters-Spring-2021-big-vs-heroic-bo3,de_mirage,6,106027,75.65625,76561197980122997,syrsoN,BIG,-1945.4423828125,327.96875,-159.96875,plant,B
125,DreamHack-Masters-Spring-2021-big-vs-heroic-bo3,de_mirage,6,109168,100.1953125,76561198022365638,stavn,HEROIC,-1929.982177734375,300.44696044921875,-159.96875,defuse,B
126,DreamHack-Masters-Spring-2021-big-vs-heroic-bo3,de_mirage,7,121368,70.3125,76561198044118796,XANTARES,BIG,-319.5324401855469,-2024.3741455078125,-173.89923095703125,plant,A
127,DreamHack-Masters-Spring-2021-big-vs-heroic-bo3,de_mirage,8,137167,75.40625,76561198044118796,XANTARES,BIG,-1987.03125,436.1374816894531,-159.96875,plant,B
128,DreamHack-Masters-Spring-2021-big-vs-heroic-bo3,de_mirage,9,152513,70.9296875,76561197961491680,tabseN,BIG,-319.40655517578125,-2033.38671875,-174.28858947753906,plant,A
129,DreamHack-Masters-Spring-2021-big-vs-heroic-bo3,de_mirage,12,199549,87.3046875,76561197961491680,tabseN,BIG,-497.77728271484375,-2018.201416015625,-179.96875,plant,A
130,DreamHack-Masters-Spring-2021-big-vs-heroic-bo3,de_mirage,15,238966,37.421875,76561198044118796,XANTARES,BIG,-313.4107666015625,-2026.556884765625,-173.45208740234375,plant,A
131,DreamHack-Masters-Spring-2021-big-vs-heroic-bo3,de_mirage,15,240912,52.625,76561198022365638,stavn,HEROIC,-372.2948303222656,-2043.386962890625,-179.43499755859375,defuse,A
132,DreamHack-Masters-Spring-2021-big-vs-heroic-bo3,de_mirage,16,270736,30.0390625,76561198004115516,cadiaN,HEROIC,-494.0310363769531,-1997.0946044921875,-179.96875,plant,A
133,DreamHack-Masters-Spring-2021-big-vs-heroic-bo3,de_mirage,16,274236,57.3828125,76561198182462587,k1to,BIG,-491.3955993652344,-2058.3388671875,-179.96875,defuse,A
134,DreamHack-Masters-Spring-2021-big-vs-heroic-bo3,de_mirage,17,288809,88.8515625,76561198004115516,cadiaN,HEROIC,-553.2650146484375,-2209.088134765625,-179.96875,plant,A
135,DreamHack-Masters-Spring-2021-big-vs-heroic-bo3,de_mirage,17,290786,104.296875,76561197997556936,tiziaN,BIG,-508.4175415039063,-2230.981201171875,-177.41104125976562,defuse,A
136,DreamHack-Masters-Spring-2021-big-vs-heroic-bo3,de_mirage,19,312577,52.2265625,76561198004115516,cadiaN,HEROIC,-1987.03125,432.4326477050781,-159.96875,plant,B
137,DreamHack-Masters-Spring-2021-big-vs-heroic-bo3,de_mirage,19,315415,74.3984375,76561198044118796,XANTARES,BIG,-1990.7615966796875,434.4554443359375,-159.96875,defuse,B
138,DreamHack-Masters-Spring-2021-big-vs-heroic-bo3,de_mirage,20,326726,63.3671875,76561198160709585,sjuush,HEROIC,-1968.03125,450.00872802734375,-159.96875,plant,B
139,DreamHack-Masters-Spring-2021-big-vs-heroic-bo3,de_mirage,21,348790,111.234375,76561198064864198,refrezh,HEROIC,-2042.634765625,84.42707061767578,-159.96875,plant,B
140,DreamHack-Masters-Spring-2021-big-vs-heroic-bo3,de_mirage,23,367886,49.140625,76561198022365638,stavn,HEROIC,-1968.03125,450.03125,-159.96875,plant,B
141,DreamHack-Masters-Spring-2021-big-vs-heroic-bo3,de_mirage,26,418197,104.515625,76561198160709585,sjuush,HEROIC,-1890.3790283203125,277.88510131835943,-159.96875,plant,B
142,Flashpoint-3-ClosedQualifier-dbl-poney-vs-havu-bo3,de_train,2,45113,112.11811023622049,76561198013172503,xseveN,HAVU GAMING,285.1312561035156,-92.22254943847656,-215.96875,plant,A
143,Flashpoint-3-ClosedQualifier-dbl-poney-vs-havu-bo3,de_train,2,46958,126.64566929133858,76561198047876970,Djoko,DBL PONEY,249.29563903808597,-109.12625122070312,-215.96875,defuse,A
144,Flashpoint-3-ClosedQualifier-dbl-poney-vs-havu-bo3,de_train,4,67396,43.29921259842521,76561198002132867,ZOREE,HAVU GAMING,342.397216796875,6.318039417266847,-215.96875,plant,A
145,Flashpoint-3-ClosedQualifier-dbl-poney-vs-havu-bo3,de_train,6,97990,52.62992125984252,76561197961198495,jemi,HAVU GAMING,-234.08758544921875,-1268.49267578125,-355.96875,plant,B
146,Flashpoint-3-ClosedQualifier-dbl-poney-vs-havu-bo3,de_train,7,128254,44.787401574803155,76561198002132867,ZOREE,HAVU GAMING,723.1784057617188,140.94874572753906,-215.4122009277344,plant,A
147,Flashpoint-3-ClosedQualifier-dbl-poney-vs-havu-bo3,de_train,9,146847,52.448818897637786,76561197976197744,siowi,HAVU GAMING,328.13385009765625,1.2756561040878296,-215.96875,plant,A
148,Flashpoint-3-ClosedQualifier-dbl-poney-vs-havu-bo3,de_train,10,159306,34.031496062992126,76561197962710908,Aerial,HAVU GAMING,314.4582824707031,-83.49549102783203,-158.38711547851562,plant,A
149,Flashpoint-3-ClosedQualifier-dbl-poney-vs-havu-bo3,de_train,10,161555,51.74015748031496,76561198031890115,Lucky,DBL PONEY,282.0115966796875,-82.58594512939453,-159.03297424316406,defuse,A
150,Flashpoint-3-ClosedQualifier-dbl-poney-vs-havu-bo3,de_train,12,187657,55.2755905511811,76561197962710908,Aerial,HAVU GAMING,391.36859130859375,28.596887588500977,-215.9816436767578,plant,A
151,Flashpoint-3-ClosedQualifier-dbl-poney-vs-havu-bo3,de_train,13,203108,55.13385826771653,76561198013172503,xseveN,HAVU GAMING,-165.03125,-1282.4139404296875,-281.276611328125,plant,B
152,Flashpoint-3-ClosedQualifier-dbl-poney-vs-havu-bo3,de_train,17,274294,89.24409448818899,76561198031890115,Lucky,DBL PONEY,390.0935363769531,23.18336296081543,-215.96875,plant,A
153,Flashpoint-3-ClosedQualifier-dbl-poney-vs-havu-bo3,de_train,22,343740,70.99212598425197,76561198035581101,afroo,DBL PONEY,371.50128173828125,-51.1431999206543,-135.33865356445312,plant,A
154,Flashpoint-3-ClosedQualifier-dbl-poney-vs-havu-bo3,de_train,22,348233,106.3700787401575,76561198002132867,ZOREE,HAVU GAMING,329.24383544921875,-58.42457962036133,-136.12588500976562,defuse,A
155,Flashpoint-3-ClosedQualifier-dbl-poney-vs-havu-bo3,de_train,23,361129,76.34645669291339,76561198035581101,afroo,DBL PONEY,-234.08755493164062,-1281.1021728515625,-355.96875,plant,B
156,Flashpoint-3-ClosedQualifier-dbl-poney-vs-havu-bo3,de_train,23,364162,100.22834645669292,76561197976197744,siowi,HAVU GAMING,-295.429931640625,-1283.337158203125,-355.96875,defuse,B
157,Flashpoint-3-ClosedQualifier-dbl-poney-vs-havu-bo3,de_train,25,385783,53.91338582677165,76561198035581101,afroo,DBL PONEY,599.0027465820312,40.36303329467773,-133.50045776367188,plant,A
158,Flashpoint-3-ClosedQualifier-dbl-poney-vs-havu-bo3,de_train,26,402690,66.59055118110236,76561198035581101,afroo,DBL PONEY,-165.03125,-1276.017333984375,-281.276611328125,plant,B
159,Flashpoint-3-ClosedQualifier-dbl-poney-vs-havu-bo3,de_train,27,426506,111.33070866141732,76561197960710573,NBK,DBL PONEY,348.2602844238281,8.390978813171388,-215.96875,plant,A
160,Flashpoint-3-ClosedQualifier-dbl-poney-vs-havu-bo3,de_dust2,2,41422,72.8046875,76561198013295375,bodyy,DBL PONEY,970.275634765625,2462.017333984375,96.75846862792969,plant,A
161,Flashpoint-3-ClosedQualifier-dbl-poney-vs-havu-bo3,de_dust2,3,59856,87.5625,76561198035581101,afroo,DBL PONEY,1235.96875,2460.96875,97.83273315429688,plant,A
162,Flashpoint-3-ClosedQualifier-dbl-poney-vs-havu-bo3,de_dust2,4,72348,31.578125,76561198035581101,afroo,DBL PONEY,-1684.0008544921875,2548.564453125,7.186098098754883,plant,B
163,Flashpoint-3-ClosedQualifier-dbl-poney-vs-havu-bo3,de_dust2,5,88276,58.421875,76561198035581101,afroo,DBL PONEY,1091.9808349609377,2503.857666015625,96.03125,plant,A
164,Flashpoint-3-ClosedQualifier-dbl-poney-vs-havu-bo3,de_dust2,7,119063,35.7421875,76561198031890115,Lucky,DBL PONEY,-1366.0037841796875,2565.993408203125,4.6462249755859375,plant,B
165,Flashpoint-3-ClosedQualifier-dbl-poney-vs-havu-bo3,de_dust2,9,153689,106.4609375,76561198035581101,afroo,DBL PONEY,993.633544921875,2550.413818359375,95.9338150024414,plant,A
166,Flashpoint-3-ClosedQualifier-dbl-poney-vs-havu-bo3,de_dust2,9,157548,136.609375,76561198002132867,z0ree,HAVU GAMING,936.0801391601562,2529.98291015625,96.01742553710938,defuse,A
167,Flashpoint-3-ClosedQualifier-dbl-poney-vs-havu-bo3,de_dust2,13,212449,112.6953125,76561198013295375,bodyy,DBL PONEY,-1420.5595703125,2545.800537109375,3.227040529251098,plant,B
168,Flashpoint-3-ClosedQualifier-dbl-poney-vs-havu-bo3,de_dust2,20,299028,42.9921875,76561198002132867,z0ree,HAVU GAMING,1096.8372802734377,2524.822509765625,96.03125,plant,A
169,Flashpoint-3-ClosedQualifier-dbl-poney-vs-havu-bo3,de_dust2,21,321064,106.140625,76561197976197744,siowi,HAVU GAMING,987.9971923828124,2525.443603515625,96.12678527832031,plant,A
170,Flashpoint-3-ClosedQualifier-dbl-poney-vs-havu-bo3,de_dust2,22,343703,110.8515625,76561197962710908,Aerial,HAVU GAMING,-1391.422119140625,2541.44140625,3.869695663452149,plant,B
171,Flashpoint-3-ClosedQualifier-dbl-poney-vs-havu-bo3,de_dust2,22,347239,138.4765625,76561198035581101,afroo,DBL PONEY,-1408.0245361328125,2481.80078125,3.31964111328125,defuse,B
172,Flashpoint-3-ClosedQualifier-dbl-poney-vs-havu-bo3,de_dust2,24,373495,85.6640625,76561197976197744,siowi,HAVU GAMING,1090.9854736328123,2499.58056640625,96.03125,plant,A
173,Flashpoint-3-ClosedQualifier-dbl-poney-vs-havu-bo3,de_dust2,25,394779,89.6796875,76561198013172503,xseveN,HAVU GAMING,-1366.009765625,2563.974609375,4.678601741790772,plant,B
174,Flashpoint-3-ClosedQualifier-dbl-poney-vs-havu-bo3,de_dust2,27,423228,79.5390625,76561198002132867,z0ree,HAVU GAMING,1092.18359375,2504.7568359375,96.03125,plant,A
175,Flashpoint-3-ClosedQualifier-dbl-poney-vs-havu-bo3,de_dust2,28,438096,71.609375,76561197962710908,Aerial,HAVU GAMING,1089.6600341796877,2493.228271484375,96.03125,plant,A
176,Flashpoint-3-ClosedQualifier-dbl-poney-vs-havu-bo3,de_dust2,29,456704,79.3671875,76561198002132867,z0ree,HAVU GAMING,1043.1729736328123,2588.56103515625,95.9751434326172,plant,A
177,Flashpoint-3-ClosedQualifier-dbl-poney-vs-havu-bo3,de_dust2,30,482816,109.578125,76561197976197744,siowi,HAVU GAMING,1092.2822265625,2505.08544921875,96.03125,plant,A
178,Flashpoint-3-ClosedQualifier-dbl-poney-vs-havu-bo3,de_dust2,31,513784,93.96875,76561197976197744,siowi,HAVU GAMING,1235.96875,2460.96875,97.83272552490234,plant,A
179,Flashpoint-3-ClosedQualifier-dbl-poney-vs-havu-bo3,de_dust2,32,533374,112.8203125,76561198013172503,xseveN,HAVU GAMING,-1366.815673828125,2564.27099609375,4.632743835449219,plant,B
180,Flashpoint-3-ClosedQualifier-dbl-poney-vs-havu-bo3,de_dust2,33,549862,83.171875,76561197962710908,Aerial,HAVU GAMING,-1391.6044921875,2558.771240234375,4.2999534606933585,plant,B
181,Flashpoint-3-ClosedQualifier-dbl-poney-vs-havu-bo3,de_dust2,33,553021,107.8515625,76561198047876970,Djoko,DBL PONEY,-1408.4735107421875,2500.356201171875,3.2444076538085938,defuse,B
182,Flashpoint-3-ClosedQualifier-dbl-poney-vs-havu-bo3,de_dust2,34,566332,68.9921875,76561198035581101,afroo,DBL PONEY,1101.0128173828123,2550.7861328125,96.04610443115234,plant,A
183,Flashpoint-3-ClosedQualifier-dbl-poney-vs-havu-bo3,de_dust2,36,599894,92.640625,76561198031890115,Lucky,DBL PONEY,-1366.0130615234375,2565.051513671875,4.660995960235597,plant,B
184,Flashpoint-3-ClosedQualifier-dbl-poney-vs-havu-bo3,de_dust2,37,620958,107.8828125,76561198013295375,bodyy,DBL PONEY,1207.6484375,2460.994873046875,96.59611511230469,plant,A
185,Flashpoint-3-ClosedQualifier-dbl-poney-vs-havu-bo3,de_dust2,37,622734,121.7578125,76561197961198495,jemi,HAVU GAMING,1207.435302734375,2460.974609375,96.58707427978516,defuse,A
186,Flashpoint-3-ClosedQualifier-dbl-poney-vs-havu-bo3,de_dust2,39,642394,28.5703125,76561198031890115,Lucky,DBL PONEY,-1366.03125,2531.74169921875,4.970665454864502,plant,B
187,Flashpoint-3-ClosedQualifier-dbl-poney-vs-havu-bo3,de_dust2,40,662468,97.234375,76561197961198495,jemi,HAVU GAMING,1088.0068359375,2477.518310546875,96.07174682617188,plant,A
188,DreamHack-Masters-Spring-2021-astralis-vs-complexity-bo3,de_inferno,1,7977,33.59842519685039,76561197983956651,Magisk,Astralis,1873.5169677734373,369.040283203125,160.03125,plant,A
189,DreamHack-Masters-Spring-2021-astralis-vs-complexity-bo3,de_inferno,3,40271,65.59055118110236,76561198004854956,dupreeh,Astralis,542.0123901367189,2986.39892578125,160.03125,plant,B
190,DreamHack-Masters-Spring-2021-astralis-vs-complexity-bo3,de_inferno,3,44348,97.69291338582676,76561198028458803,blameF,Complexity,484.4004211425781,3004.10986328125,160.03125,defuse,B
191,DreamHack-Masters-Spring-2021-astralis-vs-complexity-bo3,de_inferno,5,67266,91.9527559055118,76561197990682262,Xyp9x,Astralis,572.5668334960938,2981.9921875,203.17025756835938,plant,B
192,DreamHack-Masters-Spring-2021-astralis-vs-complexity-bo3,de_inferno,6,91773,94.01574803149607,76561197983956651,Magisk,Astralis,535.2854614257811,2983.261474609375,160.03125,plant,B
193,DreamHack-Masters-Spring-2021-astralis-vs-complexity-bo3,de_inferno,7,104840,55.62992125984252,76561197990682262,Xyp9x,Astralis,572.8607788085938,2981.998779296875,203.17025756835938,plant,B
194,DreamHack-Masters-Spring-2021-astralis-vs-complexity-bo3,de_inferno,8,117286,46.535433070866134,76561197990682262,Xyp9x,Astralis,2013.96875,701.99951171875,160.03125,plant,A
195,DreamHack-Masters-Spring-2021-astralis-vs-complexity-bo3,de_inferno,9,134091,65.77952755905511,76561197983956651,Magisk,Astralis,1911.5777587890625,378.4918518066406,160.03125,plant,A
196,DreamHack-Masters-Spring-2021-astralis-vs-complexity-bo3,de_inferno,10,151718,39.61417322834646,76561197990682262,Xyp9x,Astralis,2088.774658203125,182.0483703613281,160.03125,plant,A
197,DreamHack-Masters-Spring-2021-astralis-vs-complexity-bo3,de_inferno,11,171195,86.83464566929132,76561198131369187,Bubzkji,Astralis,543.96875,2996.6025390625,160.03125,plant,B
198,DreamHack-Masters-Spring-2021-astralis-vs-complexity-bo3,de_inferno,13,210303,39.60629921259842,76561198131369187,Bubzkji,Astralis,1947.49267578125,701.72802734375,160.03125,plant,A
199,DreamHack-Masters-Spring-2021-astralis-vs-complexity-bo3,de_inferno,16,270648,50.551181102362214,76561198077802866,poizon,Complexity,543.1153564453125,3020.8408203125,160.03125,plant,B
200,DreamHack-Masters-Spring-2021-astralis-vs-complexity-bo3,de_inferno,17,288782,89.74015748031496,76561198077802866,poizon,Complexity,1896.0103759765625,620.7684936523438,160.03125,plant,A
201,DreamHack-Masters-Spring-2021-astralis-vs-complexity-bo3,de_inferno,19,312623,97.40944881889764,76561198077802866,poizon,Complexity,483.2827758789063,2542.36083984375,160.03125,plant,B
202,DreamHack-Masters-Spring-2021-astralis-vs-complexity-bo3,de_inferno,19,317144,133.00787401574803,76561198004854956,dupreeh,Astralis,487.6429748535156,2603.17431640625,160.03125,defuse,B
203,DreamHack-Masters-Spring-2021-astralis-vs-complexity-bo3,de_inferno,22,355577,45.07874015748032,76561197979669175,k0nfig,Complexity,1956.1907958984373,362.6734619140625,160.03125,plant,A
204,DreamHack-Masters-Spring-2021-astralis-vs-complexity-bo3,de_inferno,23,369210,40.8267716535433,76561198023592320,RUSH,Complexity,1938.004638671875,699.96875,160.03125,plant,A
205,DreamHack-Masters-Spring-2021-astralis-vs-complexity-bo3,de_inferno,24,386695,71.14173228346456,76561198077802866,poizon,Complexity,497.9501647949219,2553.611083984375,160.03125,plant,B
206,DreamHack-Masters-Spring-2021-astralis-vs-complexity-bo3,de_inferno,26,429183,88.8976377952756,76561197977105184,jks,Complexity,554.1641235351561,2936.2900390625,160.03125,plant,B
207,DreamHack-Masters-Spring-2021-astralis-vs-complexity-bo3,de_inferno,27,448983,89.37795275590551,76561197977105184,jks,Complexity,501.2997741699219,2547.713134765625,160.03125,plant,B
208,DreamHack-Masters-Spring-2021-astralis-vs-complexity-bo3,de_inferno,27,453252,122.99212598425196,76561198004854956,dupreeh,Astralis,527.586669921875,2603.4384765625,160.03125,defuse,B
209,DreamHack-Masters-Spring-2021-astralis-vs-complexity-bo3,de_inferno,28,461446,39.32283464566929,76561198077802866,poizon,Complexity,543.96875,3019.999755859375,160.03125,plant,B
210,DreamHack-Masters-Spring-2021-astralis-vs-complexity-bo3,de_inferno,29,480076,46.16535433070866,76561198028458803,blameF,Complexity,1947.2967529296875,701.61328125,160.03125,plant,A
211,DreamHack-Masters-Spring-2021-astralis-vs-complexity-bo3,de_inferno,30,496318,61.37007874015748,76561198023592320,RUSH,Complexity,1941.2850341796875,698.855712890625,160.02490234375,plant,A
212,DreamHack-Masters-Spring-2021-astralis-vs-complexity-bo3,de_inferno,31,546890,80.75590551181102,76561198077802866,poizon,Complexity,2075.698974609375,182.9568634033203,160.03125,plant,A
213,DreamHack-Masters-Spring-2021-astralis-vs-complexity-bo3,de_inferno,31,549996,105.21259842519684,76561198010511021,gla1ve,Astralis,2018.1002197265625,176.76266479492188,160.02145385742188,defuse,A
214,DreamHack-Masters-Spring-2021-astralis-vs-complexity-bo3,de_inferno,32,560584,58.173228346456696,76561198077802866,poizon,Complexity,1821.0008544921875,276.03125,160.03125,plant,A
215,DreamHack-Masters-Spring-2021-astralis-vs-complexity-bo3,de_inferno,33,575424,79.62204724409449,76561197977105184,jks,Complexity,1821.03125,280.09829711914057,160.03125,plant,A
216,DreamHack-Masters-Spring-2021-astralis-vs-complexity-bo3,de_inferno,34,588888,54.92913385826772,76561197990682262,Xyp9x,Astralis,499.2160034179688,2538.934814453125,160.03125,plant,B
217,DreamHack-Masters-Spring-2021-astralis-vs-complexity-bo3,de_inferno,36,617483,74.38582677165354,76561197990682262,Xyp9x,Astralis,2079.1875,183.54025268554688,160.03125,plant,A
218,DreamHack-Masters-Spring-2021-astralis-vs-complexity-bo3,de_inferno,38,653762,79.26771653543307,76561197990682262,Xyp9x,Astralis,573.3452758789062,2981.9970703125,203.17025756835938,plant,B
219,DreamHack-Masters-Spring-2021-astralis-vs-complexity-bo3,de_inferno,39,664818,57.944881889763785,76561197983956651,Magisk,Astralis,559.4578857421875,2984.236083984375,183.17025756835938,plant,B
220,DreamHack-Masters-Spring-2021-astralis-vs-complexity-bo3,de_vertigo,4,43607,70.70078740157479,76561198023592320,RUSH,Complexity,-2216.03125,867.9103393554688,11744.03125,plant,B
221,DreamHack-Masters-Spring-2021-astralis-vs-complexity-bo3,de_vertigo,6,77028,73.11811023622046,76561198028458803,blameF,Complexity,-359.1593322753906,-685.5120239257812,11774.46875,plant,A
222,DreamHack-Masters-Spring-2021-astralis-vs-complexity-bo3,de_vertigo,7,95181,82.7244094488189,76561198023592320,RUSH,Complexity,-347.0121765136719,-682.7879028320312,11774.12890625,plant,A
223,DreamHack-Masters-Spring-2021-astralis-vs-complexity-bo3,de_vertigo,8,109725,47.98425196850393,76561198077802866,poizon,Complexity,-2216.008056640625,910.6494140625,11744.03125,plant,B
224,DreamHack-Masters-Spring-2021-astralis-vs-complexity-bo3,de_vertigo,9,122058,42.03149606299213,76561197979669175,k0nfig,Complexity,-2148.83837890625,737.8193969726562,11744.03125,plant,B
225,DreamHack-Masters-Spring-2021-astralis-vs-complexity-bo3,de_vertigo,10,141833,89.18110236220474,76561197979669175,k0nfig,Complexity,-367.2057495117188,-695.8465576171875,11775.7607421875,plant,A
226,DreamHack-Masters-Spring-2021-astralis-vs-complexity-bo3,de_vertigo,17,280665,101.0472440944882,76561198131369187,Bubzkji,Astralis,-2146.011962890625,734.1920776367188,11744.03125,plant,B
227,DreamHack-Masters-Spring-2021-astralis-vs-complexity-bo3,de_vertigo,18,304054,84.21259842519684,76561198010511021,gla1ve,Astralis,-357.3252258300781,-685.104248046875,11774.41796875,plant,A
228,DreamHack-Masters-Spring-2021-astralis-vs-complexity-bo3,de_vertigo,19,314175,25.519685039370078,76561198010511021,gla1ve,Astralis,-2356.065673828125,752.7005004882812,11744.03125,plant,B
229,DreamHack-Masters-Spring-2021-astralis-vs-complexity-bo3,de_vertigo,20,335846,106.7952755905512,76561198131369187,Bubzkji,Astralis,-502.7736206054688,-559.7742919921875,11776.03125,plant,A
230,DreamHack-Masters-Spring-2021-astralis-vs-complexity-bo3,de_vertigo,21,360341,88.66929133858268,76561198010511021,gla1ve,Astralis,-2216.03125,873.8570556640625,11744.03125,plant,B
231,DreamHack-Masters-Spring-2021-astralis-vs-complexity-bo3,de_vertigo,22,376824,63.25196850393701,76561198004854956,dupreeh,Astralis,-375.9191589355469,-689.0027465820312,11774.9052734375,plant,A
232,DreamHack-Masters-Spring-2021-astralis-vs-complexity-bo3,de_vertigo,22,380907,95.40157480314959,76561197977105184,jks,Complexity,-358.4874267578125,-747.57861328125,11782.53125,defuse,A
233,DreamHack-Masters-Spring-2021-astralis-vs-complexity-bo3,de_vertigo,25,423501,36.023622047244096,76561198131369187,Bubzkji,Astralis,-360.3315734863281,-690.5924682617188,11775.1044921875,plant,A
234,DreamHack-Masters-Spring-2021-spirit-vs-virtus-pro-bo3,de_inferno,2,27877,109.84375,76561198036125584,Jame,Virtus.pro,538.5469360351561,3020.9970703125,160.03125,plant,B
235,DreamHack-Masters-Spring-2021-spirit-vs-virtus-pro-bo3,de_inferno,7,112899,96.8828125,76561198317627284,SANJI,Virtus.pro,541.271484375,3020.9765625,160.03125,plant,B
236,DreamHack-Masters-Spring-2021-spirit-vs-virtus-pro-bo3,de_inferno,7,117188,130.390625,76561197961134282,magixx,Team Spirit,540.8175048828125,2960.01708984375,160.03125,defuse,B
237,DreamHack-Masters-Spring-2021-spirit-vs-virtus-pro-bo3,de_inferno,9,151840,73.890625,76561198036125584,Jame,Virtus.pro,2096.10302734375,159.29412841796875,160.03125,plant,A
238,DreamHack-Masters-Spring-2021-spirit-vs-virtus-pro-bo3,de_inferno,11,179931,44.03125,76561198127236290,qikert,Virtus.pro,2110.084228515625,178.9055633544922,160.03125,plant,A
239,DreamHack-Masters-Spring-2021-spirit-vs-virtus-pro-bo3,de_inferno,13,214946,67.5390625,76561198036125584,Jame,Virtus.pro,509.1251220703125,2918.939208984375,160.03125,plant,B
240,DreamHack-Masters-Spring-2021-spirit-vs-virtus-pro-bo3,de_inferno,16,291727,117.0,76561198040577200,sdy,Team Spirit,1879.9659423828125,318.51788330078125,160.03125,plant,A
241,DreamHack-Masters-Spring-2021-spirit-vs-virtus-pro-bo3,de_inferno,20,350885,85.1640625,76561197961134282,magixx,Team Spirit,2084.854248046875,182.68849182128903,160.03125,plant,A
242,DreamHack-Masters-Spring-2021-spirit-vs-virtus-pro-bo3,de_inferno,25,442990,77.1796875,76561197961134282,magixx,Team Spirit,572.0447998046875,2981.996337890625,203.17025756835938,plant,B
243,DreamHack-Masters-Spring-2021-spirit-vs-virtus-pro-bo3,de_inferno,25,446203,102.28125,76561198036125584,Jame,Virtus.pro,542.2422485351561,3012.806884765625,160.03125,defuse,B
244,DreamHack-Masters-Spring-2021-spirit-vs-virtus-pro-bo3,de_train,2,31463,109.98425196850393,76561198045898864,chopper,Team Spirit,411.31878662109375,30.65787124633789,-215.96875,plant,A
245,DreamHack-Masters-Spring-2021-spirit-vs-virtus-pro-bo3,de_train,3,50032,80.64566929133858,76561198040577200,sdy,Team Spirit,348.35894775390625,8.425851821899414,-215.96875,plant,A
246,DreamHack-Masters-Spring-2021-spirit-vs-virtus-pro-bo3,de_train,9,149432,114.86614173228348,76561198000827804,mir,Team Spirit,407.1903381347656,29.200275421142575,-215.96875,plant,A
247,DreamHack-Masters-Spring-2021-spirit-vs-virtus-pro-bo3,de_train,9,153217,144.6692913385827,76561198127236290,qikert,Virtus.pro,369.3412780761719,76.56826782226562,-215.96875,defuse,A
248,DreamHack-Masters-Spring-2021-spirit-vs-virtus-pro-bo3,de_train,10,168273,93.35433070866142,76561197961134282,magixx,Team Spirit,-234.08758544921875,-1276.65283203125,-355.96875,plant,B
249,DreamHack-Masters-Spring-2021-spirit-vs-virtus-pro-bo3,de_train,10,172717,128.3464566929134,76561198036125584,Jame,Virtus.pro,-236.96192932128903,-1260.177490234375,-354.02789306640625,defuse,B
250,DreamHack-Masters-Spring-2021-spirit-vs-virtus-pro-bo3,de_train,13,217129,102.11023622047243,76561197961134282,magixx,Team Spirit,-165.03125,-1279.6513671875,-281.276611328125,plant,B
251,DreamHack-Masters-Spring-2021-spirit-vs-virtus-pro-bo3,de_train,13,220481,128.503937007874,76561198036125584,Jame,Virtus.pro,-202.3047332763672,-1315.29345703125,-303.4864196777344,defuse,B
252,DreamHack-Masters-Spring-2021-spirit-vs-virtus-pro-bo3,de_train,15,247491,52.59055118110236,76561198040577200,sdy,Team Spirit,-145.43405151367188,-1151.99609375,-350.4045715332031,plant,B
253,DreamHack-Masters-Spring-2021-spirit-vs-virtus-pro-bo3,de_train,16,284922,77.38582677165354,76561198127236290,qikert,Virtus.pro,-234.08755493164062,-1281.6943359375,-355.96875,plant,B
254,DreamHack-Masters-Spring-2021-spirit-vs-virtus-pro-bo3,de_train,17,295490,58.1496062992126,76561198127236290,qikert,Virtus.pro,407.3650817871094,29.263872146606445,-215.96875,plant,A
255,DreamHack-Masters-Spring-2021-spirit-vs-virtus-pro-bo3,de_train,18,316058,95.43307086614172,76561198127236290,qikert,Virtus.pro,-234.10232543945312,-1285.47314453125,-355.96875,plant,B
256,DreamHack-Masters-Spring-2021-spirit-vs-virtus-pro-bo3,de_train,20,359440,63.496062992125985,76561198127236290,qikert,Virtus.pro,-234.0845642089844,-1272.4598388671875,-355.96875,plant,B
257,DreamHack-Masters-Spring-2021-spirit-vs-virtus-pro-bo3,de_train,20,361583,80.37007874015748,76561198040577200,sdy,Team Spirit,-239.4825592041016,-1211.1517333984375,-351.96875,defuse,B
258,DreamHack-Masters-Spring-2021-spirit-vs-virtus-pro-bo3,de_train,21,378656,109.23622047244095,76561198134401925,YEKINDAR,Virtus.pro,422.328125,39.68150329589844,-215.9760284423828,plant,A
259,DreamHack-Masters-Spring-2021-spirit-vs-virtus-pro-bo3,de_train,22,404203,97.46456692913384,76561198317627284,SANJI,Virtus.pro,-165.03125,-1282.6510009765625,-281.276611328125,plant,B
260,DreamHack-Masters-Spring-2021-spirit-vs-virtus-pro-bo3,de_train,27,487455,57.03149606299213,76561198036125584,Jame,Virtus.pro,-166.62428283691406,-1282.281982421875,-281.276611328125,plant,B
261,REPUBLEAGUE-TIPOS-Season1-sinners-vs-forze-bo3,de_inferno,1,4138,32.582677165354326,76561198169560297,SHOCK,Sinners,1821.03125,322.7411804199219,160.03125,plant,A
262,REPUBLEAGUE-TIPOS-Season1-sinners-vs-forze-bo3,de_inferno,2,18292,48.74015748031496,76561198169560297,SHOCK,Sinners,1981.2425537109373,701.96875,160.03125,plant,A
263,REPUBLEAGUE-TIPOS-Season1-sinners-vs-forze-bo3,de_inferno,4,48309,101.97637795275593,76561198134164683,ZEDKO,Sinners,563.6624755859375,2982.163330078125,183.17025756835938,plant,B
264,REPUBLEAGUE-TIPOS-Season1-sinners-vs-forze-bo3,de_inferno,5,63438,54.622047244094496,76561198215434685,NEOFRAG,Sinners,494.9888305664063,2548.8310546875,160.03125,plant,B
265,REPUBLEAGUE-TIPOS-Season1-sinners-vs-forze-bo3,de_inferno,6,81347,82.59055118110236,76561198215434685,NEOFRAG,Sinners,2013.96875,701.96875,160.03125,plant,A
266,REPUBLEAGUE-TIPOS-Season1-sinners-vs-forze-bo3,de_inferno,7,94155,36.32283464566929,76561198033438750,beastik,Sinners,2013.96875,701.96875,160.03125,plant,A
267,REPUBLEAGUE-TIPOS-Season1-sinners-vs-forze-bo3,de_inferno,8,113548,88.18897637795277,76561198131690816,oskar,Sinners,1946.03125,696.0472412109375,160.03125,plant,A
268,REPUBLEAGUE-TIPOS-Season1-sinners-vs-forze-bo3,de_inferno,9,134938,103.92125984251969,76561198169560297,SHOCK,Sinners,554.974853515625,2986.482177734375,160.03125,plant,B
269,REPUBLEAGUE-TIPOS-Season1-sinners-vs-forze-bo3,de_inferno,11,170509,112.24409448818899,76561198131690816,oskar,Sinners,543.96875,3018.572265625,160.03125,plant,B
270,REPUBLEAGUE-TIPOS-Season1-sinners-vs-forze-bo3,de_inferno,11,173894,138.89763779527559,76561198059614402,zorte x LUKOIL,forZe,528.8010864257811,3020.96875,160.03125,defuse,B
271,REPUBLEAGUE-TIPOS-Season1-sinners-vs-forze-bo3,de_inferno,14,207185,101.69291338582676,76561198033438750,beastik,Sinners,1825.6812744140625,276.03125,160.03125,plant,A
272,REPUBLEAGUE-TIPOS-Season1-sinners-vs-forze-bo3,de_inferno,14,209509,119.99212598425196,76561198059614402,zorte x LUKOIL,forZe,1870.8250732421875,287.7295837402344,160.03125,defuse,A
273,REPUBLEAGUE-TIPOS-Season1-sinners-vs-forze-bo3,de_inferno,15,217502,39.75590551181102,76561198033438750,beastik,Sinners,2013.96875,701.9912719726562,160.03125,plant,A
274,REPUBLEAGUE-TIPOS-Season1-sinners-vs-forze-bo3,de_inferno,19,264239,55.85826771653542,76561198059614402,zorte x LUKOIL,forZe,555.1012573242189,2981.87060546875,160.03125,plant,B
275,REPUBLEAGUE-TIPOS-Season1-sinners-vs-forze-bo3,de_inferno,19,268693,90.92913385826773,76561198169560297,SHOCK,Sinners,551.9639892578125,2973.0234375,160.03125,defuse,B
276,REPUBLEAGUE-TIPOS-Season1-sinners-vs-forze-bo3,de_inferno,21,294068,67.35433070866142,76561198026088156,Jerry x LUKOIL,forZe,1821.993408203125,608.03125,160.03125,plant,A
277,REPUBLEAGUE-TIPOS-Season1-sinners-vs-forze-bo3,de_inferno,21,298498,102.23622047244095,76561198215434685,NEOFRAG,Sinners,1882.71435546875,611.35986328125,160.03125,defuse,A
278,REPUBLEAGUE-TIPOS-Season1-sinners-vs-forze-bo3,de_mirage,2,16694,73.5078125,76561198059614402,zorte x LUKOIL,forZe,-290.1438293457031,-2160.613037109375,-173.96495056152344,plant,A
279,REPUBLEAGUE-TIPOS-Season1-sinners-vs-forze-bo3,de_mirage,3,29264,43.6328125,76561198400646282,KENSi x LUKOIL,forZe,-1968.03125,450.03125,-159.96875,plant,B
280,REPUBLEAGUE-TIPOS-Season1-sinners-vs-forze-bo3,de_mirage,4,35363,23.03125,76561198044048033,almazer x LUKOIL,forZe,-253.96875,-2134.075439453125,-172.94696044921875,plant,A
281,REPUBLEAGUE-TIPOS-Season1-sinners-vs-forze-bo3,de_mirage,5,51914,65.296875,76561198400646282,KENSi x LUKOIL,forZe,-328.7035217285156,-2038.203125,-175.3290557861328,plant,A
282,REPUBLEAGUE-TIPOS-Season1-sinners-vs-forze-bo3,de_mirage,7,84837,72.4453125,76561198059614402,zorte x LUKOIL,forZe,-317.17449951171875,-2027.7060546875,-173.83770751953125,plant,A
283,REPUBLEAGUE-TIPOS-Season1-sinners-vs-forze-bo3,de_mirage,9,114500,44.6484375,76561198044048033,almazer x LUKOIL,forZe,-253.9979248046875,-2134.02001953125,-172.94708251953125,plant,A
284,REPUBLEAGUE-TIPOS-Season1-sinners-vs-forze-bo3,de_mirage,9,119386,82.8203125,76561198131690816,oskar,Sinners,-299.7275695800781,-2174.388916015625,-173.17776489257812,defuse,A
285,REPUBLEAGUE-TIPOS-Season1-sinners-vs-forze-bo3,de_mirage,13,169616,111.8515625,76561198026088156,Jerry x LUKOIL,forZe,-263.80484008789057,-2153.6728515625,-173.41123962402344,plant,A
286,REPUBLEAGUE-TIPOS-Season1-sinners-vs-forze-bo3,de_mirage,13,173574,142.7734375,76561198134164683,ZEDKO,Sinners,-321.4881286621094,-2175.986572265625,-174.00318908691406,defuse,A
287,REPUBLEAGUE-TIPOS-Season1-sinners-vs-forze-bo3,de_mirage,15,198929,51.6328125,76561198044048033,almazer x LUKOIL,forZe,-276.8023681640625,-2158.084228515625,-173.6095428466797,plant,A
288,REPUBLEAGUE-TIPOS-Season1-sinners-vs-forze-bo3,de_mirage,15,203502,87.359375,76561198033438750,beastik,Sinners,-333.2814636230469,-2182.149658203125,-173.96783447265625,defuse,A
289,REPUBLEAGUE-TIPOS-Season1-sinners-vs-forze-bo3,de_mirage,16,212619,36.6640625,76561198134164683,ZEDKO,Sinners,-1968.013671875,450.0094604492188,-159.96875,plant,B
290,REPUBLEAGUE-TIPOS-Season1-sinners-vs-forze-bo3,de_mirage,17,221915,49.75,76561198215434685,NEOFRAG,Sinners,-275.32382202148443,-2156.6845703125,-173.655517578125,plant,A
291,REPUBLEAGUE-TIPOS-Season1-sinners-vs-forze-bo3,de_mirage,20,252262,83.8984375,76561198033438750,beastik,Sinners,-1987.0067138671875,401.2243957519531,-159.96875,plant,B
292,REPUBLEAGUE-TIPOS-Season1-sinners-vs-forze-bo3,de_mirage,22,272634,42.1953125,76561198134164683,ZEDKO,Sinners,-496.6234130859375,-2025.616455078125,-179.96875,plant,A
293,Spring-Sweet-Spring-1-fiend-vs-ago-bo3,de_train,7,108178,91.5390625,76561198155055663,dream3r,Fiend,832.374267578125,111.53683471679688,-215.5149078369141,plant,A
294,Spring-Sweet-Spring-1-fiend-vs-ago-bo3,de_train,7,110121,106.71875,76561198071702537,x-kom snatchie,AGO,827.4757690429688,150.18301391601562,-215.4525146484375,defuse,A
295,Spring-Sweet-Spring-1-fiend-vs-ago-bo3,de_train,8,121782,66.1015625,76561198000968105,bubble,Fiend,-234.08755493164062,-1295.6798095703125,-355.4079284667969,plant,B
296,Spring-Sweet-Spring-1-fiend-vs-ago-bo3,de_train,8,126224,100.8046875,76561198137761601,x-kom Furlan,AGO,-290.1369323730469,-1320.3416748046875,-351.96875,defuse,B
297,Spring-Sweet-Spring-1-fiend-vs-ago-bo3,de_train,9,140103,52.546875,76561198119114947,mar,Fiend,-200.6952362060547,-1281.827880859375,-303.48638916015625,plant,B
298,Spring-Sweet-Spring-1-fiend-vs-ago-bo3,de_train,10,161703,102.734375,76561198000968105,bubble,Fiend,356.654052734375,-1123.528076171875,-350.7034912109375,plant,B
299,Spring-Sweet-Spring-1-fiend-vs-ago-bo3,de_train,10,164464,124.3046875,76561197991432466,x-kom rallen,AGO,411.6000671386719,-1150.6058349609375,-349.43841552734375,defuse,B
300,Spring-Sweet-Spring-1-fiend-vs-ago-bo3,de_train,13,198636,40.671875,76561198006282027,v1c7oR,Fiend,-240.3705139160156,-1271.7010498046875,-355.96875,plant,B
301,Spring-Sweet-Spring-1-fiend-vs-ago-bo3,de_train,13,202561,71.3359375,76561197991432466,x-kom rallen,AGO,-255.5904235839844,-1211.978515625,-351.96875,defuse,B
302,Spring-Sweet-Spring-1-fiend-vs-ago-bo3,de_train,14,211425,44.25,76561198006282027,v1c7oR,Fiend,323.6359558105469,-101.3033447265625,-157.2454376220703,plant,A
303,Spring-Sweet-Spring-1-fiend-vs-ago-bo3,de_train,15,218145,24.9453125,76561198119114947,mar,Fiend,-234.08755493164062,-1273.171142578125,-355.96875,plant,B
304,Spring-Sweet-Spring-1-fiend-vs-ago-bo3,de_train,15,221034,47.515625,76561197991432466,x-kom rallen,AGO,-289.9723815917969,-1256.6287841796875,-352.84515380859375,defuse,B
305,Spring-Sweet-Spring-1-fiend-vs-ago-bo3,de_train,16,235459,78.4765625,76561198137761601,x-kom Furlan,AGO,-165.03125,-1282.4034423828125,-281.276611328125,plant,B
306,Spring-Sweet-Spring-1-fiend-vs-ago-bo3,de_train,20,291284,106.78125,76561198137761601,x-kom Furlan,AGO,345.2340087890625,-1426.6146240234375,-350.1379089355469,plant,B
307,Spring-Sweet-Spring-1-fiend-vs-ago-bo3,de_train,21,303744,71.0703125,76561198137761601,x-kom Furlan,AGO,412.68994140625,39.907901763916016,-215.97169494628903,plant,A
308,Spring-Sweet-Spring-1-fiend-vs-ago-bo3,de_train,21,307991,104.25,76561198119114947,mar,Fiend,379.6187438964844,22.083797454833984,-215.96875,defuse,A
309,Spring-Sweet-Spring-1-fiend-vs-ago-bo3,de_dust2,1,8080,63.622047244094496,76561198048720735,REDS7AR,Fiend,-1615.5184326171875,2490.96875,2.4473044872283936,plant,B
310,Spring-Sweet-Spring-1-fiend-vs-ago-bo3,de_dust2,2,19290,42.61417322834646,76561198048720735,REDS7AR,Fiend,-1667.8768310546875,2490.96875,8.670348167419434,plant,B
311,Spring-Sweet-Spring-1-fiend-vs-ago-bo3,de_dust2,4,37532,58.22047244094488,76561198048720735,REDS7AR,Fiend,-1430.0523681640625,2676.154296875,16.374910354614258,plant,B
312,Spring-Sweet-Spring-1-fiend-vs-ago-bo3,de_dust2,4,41553,89.88188976377953,76561198137761601,x-kom Furlan,AGO,-1477.3603515625,2715.22705078125,11.654396057128904,defuse,B
313,Spring-Sweet-Spring-1-fiend-vs-ago-bo3,de_dust2,5,53377,67.90551181102362,76561198119114947,mar,Fiend,1088.8331298828123,2578.273193359375,96.2721710205078,plant,A
314,Spring-Sweet-Spring-1-fiend-vs-ago-bo3,de_dust2,5,56918,95.78740157480316,76561197991432466,x-kom rallen,AGO,1042.6932373046877,2618.91796875,95.86196899414062,defuse,A
315,Spring-Sweet-Spring-1-fiend-vs-ago-bo3,de_dust2,12,160611,72.35433070866142,76561198006282027,v1c7oR,Fiend,-1366.03125,2565.96875,4.645225524902344,plant,B
316,Spring-Sweet-Spring-1-fiend-vs-ago-bo3,de_dust2,20,289531,88.22834645669292,76561198252434500,x-kom F1KU,AGO,1233.8939208984375,2493.876220703125,172.03125,plant,A
317,Spring-Sweet-Spring-1-fiend-vs-ago-bo3,de_dust2,21,304166,48.70078740157479,76561198137761601,x-kom Furlan,AGO,1237.5889892578125,2489.025146484375,172.03125,plant,A
318,Spring-Sweet-Spring-1-fiend-vs-ago-bo3,de_dust2,22,313857,51.267716535433074,76561198018566394,x-kom reatz,AGO,1223.9588623046875,2499.0283203125,172.03125,plant,A
319,Spring-Sweet-Spring-1-fiend-vs-ago-bo3,de_dust2,24,337753,41.40157480314961,76561198018566394,x-kom reatz,AGO,987.9801025390624,2524.492919921875,96.14073181152344,plant,A
320,Spring-Sweet-Spring-1-fiend-vs-ago-bo3,de_dust2,25,351338,56.7244094488189,76561197991432466,x-kom rallen,AGO,1090.282470703125,2496.5283203125,96.03125,plant,A
321,Spring-Sweet-Spring-1-fiend-vs-ago-bo3,de_dust2,25,355721,91.23622047244095,76561198048720735,REDS7AR,Fiend,1135.0076904296875,2456.185546875,95.6840362548828,defuse,A
322,Spring-Sweet-Spring-1-fiend-vs-ago-bo3,de_dust2,28,396803,32.71653543307087,76561197991432466,x-kom rallen,AGO,-1366.012451171875,2565.990234375,4.6458282470703125,plant,B
323,Spring-Sweet-Spring-1-fiend-vs-ago-bo3,de_inferno,1,5697,44.5078125,76561197991432466,x-kom rallen,AGO,2013.99072265625,701.9871826171875,160.03125,plant,A
324,Spring-Sweet-Spring-1-fiend-vs-ago-bo3,de_inferno,2,17156,53.578125,76561198018566394,x-kom reatz,AGO,566.1083984375,2981.8583984375,183.17025756835938,plant,B
325,Spring-Sweet-Spring-1-fiend-vs-ago-bo3,de_inferno,3,34199,67.1328125,76561198137761601,x-kom Furlan,AGO,567.1730346679688,2981.995849609375,183.17025756835938,plant,B
326,Spring-Sweet-Spring-1-fiend-vs-ago-bo3,de_inferno,5,60717,39.1171875,76561198018566394,x-kom reatz,AGO,543.5130615234375,2948.95703125,160.03125,plant,B
327,Spring-Sweet-Spring-1-fiend-vs-ago-bo3,de_inferno,6,80538,94.7578125,76561198252434500,x-kom F1KU,AGO,567.1664428710938,2981.985107421875,183.17025756835938,plant,B
328,Spring-Sweet-Spring-1-fiend-vs-ago-bo3,de_inferno,7,98537,41.390625,76561198252434500,x-kom F1KU,AGO,591.2598266601562,2684.55322265625,160.03125,plant,B
329,Spring-Sweet-Spring-1-fiend-vs-ago-bo3,de_inferno,8,117769,107.6796875,76561198071702537,x-kom snatchie,AGO,1945.0640869140625,700.4971923828125,160.03125,plant,A
330,Spring-Sweet-Spring-1-fiend-vs-ago-bo3,de_inferno,9,140586,101.1640625,76561198018566394,x-kom reatz,AGO,565.3035278320312,2977.33447265625,183.17025756835938,plant,B
331,Spring-Sweet-Spring-1-fiend-vs-ago-bo3,de_inferno,10,162994,109.046875,76561197991432466,x-kom rallen,AGO,570.3953247070312,2981.998291015625,203.17025756835938,plant,B
332,Spring-Sweet-Spring-1-fiend-vs-ago-bo3,de_inferno,11,180925,106.828125,76561198071702537,x-kom snatchie,AGO,1938.03125,699.96875,160.03125,plant,A
333,Spring-Sweet-Spring-1-fiend-vs-ago-bo3,de_inferno,13,214793,78.484375,76561198252434500,x-kom F1KU,AGO,553.7515258789061,2987.08935546875,160.03125,plant,B
334,Spring-Sweet-Spring-1-fiend-vs-ago-bo3,de_inferno,15,243606,52.5390625,76561198018566394,x-kom reatz,AGO,555.146728515625,2984.036376953125,160.03125,plant,B
335,Spring-Sweet-Spring-1-fiend-vs-ago-bo3,de_inferno,16,258267,51.15625,76561198155055663,dream3r,Fiend,533.869140625,3009.34814453125,160.03125,plant,B
336,Spring-Sweet-Spring-1-fiend-vs-ago-bo3,de_inferno,17,271593,44.140625,76561198155055663,dream3r,Fiend,2095.1904296875,168.0216064453125,160.03125,plant,A
337,Spring-Sweet-Spring-1-fiend-vs-ago-bo3,de_inferno,18,287344,57.03125,76561198006282027,v1c7oR,Fiend,1821.0869140625,687.39599609375,160.03125,plant,A
338,Spring-Sweet-Spring-1-fiend-vs-ago-bo3,de_inferno,19,302917,55.640625,76561198006282027,v1c7oR,Fiend,1847.061279296875,276.10427856445307,160.03125,plant,A
339,Spring-Sweet-Spring-1-fiend-vs-ago-bo3,de_inferno,20,316988,66.9296875,76561198048720735,REDS7AR,Fiend,1821.0001220703125,285.0167541503906,160.03125,plant,A
340,Spring-Sweet-Spring-1-fiend-vs-ago-bo3,de_inferno,21,337375,59.6015625,76561198119114947,mar,Fiend,579.9002075195312,2705.073974609375,160.03125,plant,B
341,Spring-Sweet-Spring-1-fiend-vs-ago-bo3,de_inferno,22,352119,59.6953125,76561198119114947,mar,Fiend,573.28369140625,2981.96875,203.17025756835938,plant,B
342,Spring-Sweet-Spring-1-fiend-vs-ago-bo3,de_inferno,23,366158,43.65625,76561198155055663,dream3r,Fiend,2013.96875,701.96875,160.03125,plant,A
343,Spring-Sweet-Spring-1-fiend-vs-ago-bo3,de_inferno,24,378902,55.7421875,76561198000968105,bubble,Fiend,1946.0950927734373,701.0126953125,160.03125,plant,A
344,Spring-Sweet-Spring-1-fiend-vs-ago-bo3,de_inferno,25,399293,106.3984375,76561198119114947,mar,Fiend,1945.606689453125,700.7684326171875,160.03125,plant,A
345,Spring-Sweet-Spring-1-fiend-vs-ago-bo3,de_inferno,26,414476,75.84375,76561198000968105,bubble,Fiend,2130.126953125,304.480712890625,160.03125,plant,A
346,Spring-Sweet-Spring-1-fiend-vs-ago-bo3,de_inferno,29,457271,84.078125,76561198119114947,mar,Fiend,554.5426635742189,2986.693603515625,160.03125,plant,B
347,Spring-Sweet-Spring-1-fiend-vs-ago-bo3,de_inferno,30,471428,44.5859375,76561198048720735,REDS7AR,Fiend,1919.1944580078125,462.8108215332031,160.03125,plant,A
348,Spring-Sweet-Spring-1-fiend-vs-ago-bo3,de_inferno,32,500111,59.203125,76561198000968105,bubble,Fiend,2013.9893798828125,697.3628540039062,160.03125,plant,A
349,Spring-Sweet-Spring-1-fiend-vs-ago-bo3,de_inferno,35,545883,112.1796875,76561198018566394,x-kom reatz,AGO,1826.2537841796875,692.9970703125,160.03125,plant,A
350,Spring-Sweet-Spring-1-fiend-vs-ago-bo3,de_inferno,35,547641,125.9140625,76561198048720735,REDS7AR,Fiend,1856.443359375,639.9449462890625,160.03125,defuse,A
351,Flashpoint-3-ClosedQualifier-mousesports-vs-anonymo-bo3,de_overpass,2,50342,115.21875,76561198061801241,ddexterrr,mousesports,-2539.44091796875,647.05224609375,480.03125,plant,A
352,Flashpoint-3-ClosedQualifier-mousesports-vs-anonymo-bo3,de_overpass,3,64683,87.25,76561198061801241,ddexterrr,mousesports,-1166.4888916015625,-96.47212982177734,98.03125,plant,B
353,Flashpoint-3-ClosedQualifier-mousesports-vs-anonymo-bo3,de_overpass,3,68992,120.9140625,76561198076696741,Kylarrr,Anonymo Esports,-1150.5880126953125,-42.27085494995117,98.03125,defuse,B
354,Flashpoint-3-ClosedQualifier-mousesports-vs-anonymo-bo3,de_overpass,4,86173,109.234375,76561197991272318,ropz,mousesports,-2083.09375,704.2341918945312,472.28125,plant,A
355,Flashpoint-3-ClosedQualifier-mousesports-vs-anonymo-bo3,de_overpass,5,101792,93.984375,76561197991272318,ropz,mousesports,-1166.120849609375,-75.75643920898438,98.03125,plant,B
356,Flashpoint-3-ClosedQualifier-mousesports-vs-anonymo-bo3,de_overpass,6,118370,63.5,76561198093386355,Bymas,mousesports,-1166.4888916015625,-76.1754150390625,98.03125,plant,B
357,Flashpoint-3-ClosedQualifier-mousesports-vs-anonymo-bo3,de_overpass,7,138541,107.984375,76561198061801241,ddexterrr,mousesports,-2585.803955078125,633.1223754882812,480.03125,plant,A
358,Flashpoint-3-ClosedQualifier-mousesports-vs-anonymo-bo3,de_overpass,8,156046,70.765625,76561198002942763,acoR,mousesports,-2137.8525390625,566.5463256835938,514.6068115234375,plant,A
359,Flashpoint-3-ClosedQualifier-mousesports-vs-anonymo-bo3,de_overpass,11,198091,93.734375,76561198061801241,ddexterrr,mousesports,-2536.775146484375,648.1884155273438,480.03125,plant,A
360,Flashpoint-3-ClosedQualifier-mousesports-vs-anonymo-bo3,de_overpass,12,213631,74.421875,76561198061801241,ddexterrr,mousesports,-2534.214599609375,648.6503295898438,480.03125,plant,A
361,Flashpoint-3-ClosedQualifier-mousesports-vs-anonymo-bo3,de_overpass,13,226912,37.75,76561198061801241,ddexterrr,mousesports,-2538.60205078125,647.8662109375,480.03125,plant,A
362,Flashpoint-3-ClosedQualifier-mousesports-vs-anonymo-bo3,de_overpass,14,242041,52.203125,76561198002942763,acoR,mousesports,-964.5906982421876,157.11105346679688,96.03125,plant,B
363,Flashpoint-3-ClosedQualifier-mousesports-vs-anonymo-bo3,de_overpass,16,272217,56.4375,76561198076696741,Kylarrr,Anonymo Esports,-1148.9625244140625,-25.338031768798828,99.03125,plant,B
364,Flashpoint-3-ClosedQualifier-mousesports-vs-anonymo-bo3,de_overpass,16,276285,88.21875,76561198093386355,Bymas,mousesports,-1159.06298828125,-72.82784271240234,98.03125,defuse,B
365,Flashpoint-3-ClosedQualifier-mousesports-vs-anonymo-bo3,de_overpass,18,299690,39.15625,76561197985246786,myniohEhexP,Anonymo Esports,-972.7049560546876,-27.09723854064941,96.03125,plant,B
366,Flashpoint-3-ClosedQualifier-mousesports-vs-anonymo-bo3,de_overpass,18,301936,56.703125,76561198068422762,FROZENN,mousesports,-1012.1577758789062,-22.56045913696289,99.03125,defuse,B
367,Flashpoint-3-ClosedQualifier-mousesports-vs-anonymo-bo3,de_overpass,19,318157,101.71875,76561197985246786,myniohEhexP,Anonymo Esports,-953.7112426757812,162.25909423828125,96.03125,plant,B
368,Flashpoint-3-ClosedQualifier-mousesports-vs-anonymo-bo3,de_overpass,21,359691,57.34375,76561197982141573,Snax,Anonymo Esports,-1023.5654296875,69.41860961914061,98.11515045166016,plant,B
369,Flashpoint-3-ClosedQualifier-mousesports-vs-anonymo-bo3,de_overpass,22,372792,82.3125,76561197982141573,Snax,Anonymo Esports,-2538.83837890625,643.9365844726562,480.03125,plant,A
370,Flashpoint-3-ClosedQualifier-mousesports-vs-anonymo-bo3,de_overpass,23,387151,53.875,76561197982141573,Snax,Anonymo Esports,-1178.989501953125,219.9621734619141,98.03125,plant,B
371,Flashpoint-3-ClosedQualifier-mousesports-vs-anonymo-bo3,de_overpass,24,407446,92.546875,76561197986829261,innocent,Anonymo Esports,-1178.997314453125,210.34532165527344,98.03125,plant,B
372,Flashpoint-3-ClosedQualifier-mousesports-vs-anonymo-bo3,de_overpass,25,430333,112.78125,76561198076696741,Kylarrr,Anonymo Esports,-945.0554809570312,159.9967803955078,96.03125,plant,B
373,Flashpoint-3-ClosedQualifier-mousesports-vs-anonymo-bo3,de_overpass,25,432015,125.921875,76561198002942763,acoR,mousesports,-934.8883056640624,220.56455993652344,96.03125,defuse,B
374,Flashpoint-3-ClosedQualifier-mousesports-vs-anonymo-bo3,de_overpass,27,458755,52.5625,76561197982141573,Snax,Anonymo Esports,-948.4397583007812,-31.738859176635746,96.03125,plant,B
375,Flashpoint-3-ClosedQualifier-mousesports-vs-anonymo-bo3,de_overpass,28,471643,50.09375,76561197982141573,Snax,Anonymo Esports,-1160.1502685546875,-88.69873046875,98.03125,plant,B
376,Flashpoint-3-ClosedQualifier-mousesports-vs-anonymo-bo3,de_overpass,29,492172,96.734375,76561197982141573,Snax,Anonymo Esports,-1166.4888916015625,-76.35218811035156,98.03125,plant,B
377,Flashpoint-3-ClosedQualifier-mousesports-vs-anonymo-bo3,de_vertigo,3,51789,101.51181102362206,76561197982141573,Snax,Anonymo Esports,-358.2663879394531,-689.3967895507812,11774.955078125,plant,A
378,Flashpoint-3-ClosedQualifier-mousesports-vs-anonymo-bo3,de_vertigo,3,53433,114.45669291338581,76561198093386355,Bymas,mousesports,-333.83251953125,-713.03125,11776.03125,defuse,A
379,Flashpoint-3-ClosedQualifier-mousesports-vs-anonymo-bo3,de_vertigo,5,82039,106.36220472440945,76561197982141573,Snax,Anonymo Esports,-2216.00048828125,881.8388671875,11744.03125,plant,B
380,Flashpoint-3-ClosedQualifier-mousesports-vs-anonymo-bo3,de_vertigo,5,84805,128.14173228346456,76561198061801241,ddexterrr,mousesports,-2241.362548828125,825.4569091796875,11744.03125,defuse,B
381,Flashpoint-3-ClosedQualifier-mousesports-vs-anonymo-bo3,de_vertigo,6,101131,103.35433070866142,76561197985246786,myniohEhexP,Anonymo Esports,-374.5255126953125,-689.2532958984375,11774.9248046875,plant,A
382,Flashpoint-3-ClosedQualifier-mousesports-vs-anonymo-bo3,de_vertigo,8,132593,52.8740157480315,76561198076696741,Kylarrr,Anonymo Esports,-2343.130615234375,887.6776123046875,11744.03125,plant,B
383,Flashpoint-3-ClosedQualifier-mousesports-vs-anonymo-bo3,de_vertigo,8,134921,71.20472440944881,76561198068422762,FROZENN,mousesports,-2301.37060546875,916.0428466796876,11744.03125,defuse,B
384,Flashpoint-3-ClosedQualifier-mousesports-vs-anonymo-bo3,de_vertigo,11,170641,74.50393700787401,76561197985246786,myniohEhexP,Anonymo Esports,-378.2204895019531,-689.019775390625,11774.9072265625,plant,A
385,Flashpoint-3-ClosedQualifier-mousesports-vs-anonymo-bo3,de_vertigo,11,175053,109.24409448818899,76561197991272318,ropz,mousesports,-438.5967102050781,-676.987548828125,11774.03125,defuse,A
386,Flashpoint-3-ClosedQualifier-mousesports-vs-anonymo-bo3,de_vertigo,12,191652,73.62204724409449,76561197982141573,Snax,Anonymo Esports,-301.39923095703125,-713.0112915039062,11776.03125,plant,A
387,Flashpoint-3-ClosedQualifier-mousesports-vs-anonymo-bo3,de_vertigo,13,213207,103.19685039370079,76561198076696741,Kylarrr,Anonymo Esports,-363.76904296875,-689.0006103515625,11774.9052734375,plant,A
388,Flashpoint-3-ClosedQualifier-mousesports-vs-anonymo-bo3,de_vertigo,14,226521,54.22047244094488,76561198076696741,Kylarrr,Anonymo Esports,-367.3235778808594,-687.326171875,11774.693359375,plant,A
389,Flashpoint-3-ClosedQualifier-mousesports-vs-anonymo-bo3,de_vertigo,15,249164,111.76377952755905,76561198081687729,KEiiiii,Anonymo Esports,-362.4329528808594,-686.240478515625,11774.5595703125,plant,A
390,Flashpoint-3-ClosedQualifier-mousesports-vs-anonymo-bo3,de_vertigo,16,264312,48.69291338582677,76561198061801241,ddexterrr,mousesports,-307.5121154785156,-713.1934204101562,11776.03125,plant,A
391,Flashpoint-3-ClosedQualifier-mousesports-vs-anonymo-bo3,de_vertigo,18,289203,56.28346456692913,76561198002942763,acoR,mousesports,-347.03125,-693.6687622070312,11775.48828125,plant,A
392,Flashpoint-3-ClosedQualifier-mousesports-vs-anonymo-bo3,de_vertigo,19,304266,92.72440944881892,76561198061801241,ddexterrr,mousesports,-2216.0029296875,892.4655151367188,11744.03125,plant,B
393,Flashpoint-3-ClosedQualifier-mousesports-vs-anonymo-bo3,de_vertigo,20,321095,96.33070866141732,76561198002942763,acoR,mousesports,-2259.632568359375,885.7821044921875,11744.03125,plant,B
394,Flashpoint-3-ClosedQualifier-mousesports-vs-anonymo-bo3,de_vertigo,20,325141,128.18897637795277,76561197985246786,myniohEhexP,Anonymo Esports,-2240.012451171875,828.0787353515625,11744.03125,defuse,B
395,Flashpoint-3-ClosedQualifier-mousesports-vs-anonymo-bo3,de_vertigo,22,350004,74.77165354330708,76561197991272318,ropz,mousesports,-2228.6328125,893.2931518554688,11744.03125,plant,B
