,MatchId,MapName,RoundNum,StartTick,FreezeTimeEnd,EndTick,EndOfficialTick,TScore,CTScore,WinningSide,WinningTeam,LosingTeam,RoundEndReason,CTStartEqVal,CTBuyType,TStartEqVal,TBuyType
0,Liga-Gamers-Club-2021-Serie-A-April-Cup-santos-vs-sws-bo3,de_overpass,1,13232,15794,27867,27867,0,0,CT,SWS Gaming,Santos e-Sports,BombDefused,4350,Pistol,4550,Pistol
1,Liga-Gamers-Club-2021-Serie-A-April-Cup-santos-vs-sws-bo3,de_overpass,2,28507,31070,46939,46945,0,1,T,Santos e-Sports,SWS Gaming,TargetBombed,20800,Half Buy,16150,Half Buy
2,Liga-Gamers-Club-2021-Serie-A-April-Cup-santos-vs-sws-bo3,de_overpass,3,47585,50138,64531,64534,1,1,T,Santos e-Sports,SWS Gaming,TargetBombed,16350,Half Buy,23800,Full Buy
3,Liga-Gamers-Club-2021-Serie-A-April-Cup-santos-vs-sws-bo3,de_overpass,4,65174,67724,81080,81090,2,1,T,Santos e-Sports,SWS Gaming,TargetBombed,6200,Half Buy,25300,Full Buy
4,Liga-Gamers-Club-2021-Serie-A-April-Cup-santos-vs-sws-bo3,de_overpass,5,81730,84283,98592,98601,3,1,T,Santos e-Sports,SWS Gaming,TerroristsWin,24150,Full Buy,25400,Full Buy
5,Liga-Gamers-Club-2021-Serie-A-April-Cup-santos-vs-sws-bo3,de_overpass,6,99241,111326,128347,128353,4,1,T,Santos e-Sports,SWS Gaming,TargetBombed,6400,Half Buy,25100,Full Buy
6,Liga-Gamers-Club-2021-Serie-A-April-Cup-santos-vs-sws-bo3,de_overpass,7,128993,142322,155330,155334,5,1,T,Santos e-Sports,SWS Gaming,TargetBombed,30250,Full Buy,25300,Full Buy
7,Liga-Gamers-Club-2021-Serie-A-April-Cup-santos-vs-sws-bo3,de_overpass,8,155974,158526,169119,169115,6,1,T,Santos e-Sports,SWS Gaming,TerroristsWin,31750,Full Buy,25500,Full Buy
8,Liga-Gamers-Club-2021-Serie-A-April-Cup-santos-vs-sws-bo3,de_overpass,9,169755,177998,191467,191475,7,1,CT,SWS Gaming,Santos e-Sports,CTWin,24900,Full Buy,25800,Full Buy
9,Liga-Gamers-Club-2021-Serie-A-April-Cup-santos-vs-sws-bo3,de_overpass,10,192115,194667,209709,209716,7,2,CT,SWS Gaming,Santos e-Sports,BombDefused,29150,Full Buy,27250,Full Buy
10,Liga-Gamers-Club-2021-Serie-A-April-Cup-santos-vs-sws-bo3,de_overpass,11,210356,212909,225354,225361,7,3,CT,SWS Gaming,Santos e-Sports,BombDefused,34250,Full Buy,27050,Full Buy
11,Liga-Gamers-Club-2021-Serie-A-April-Cup-santos-vs-sws-bo3,de_overpass,12,226001,228551,239478,239486,7,4,T,Santos e-Sports,SWS Gaming,TerroristsWin,28900,Full Buy,25300,Full Buy
12,Liga-Gamers-Club-2021-Serie-A-April-Cup-santos-vs-sws-bo3,de_overpass,13,240126,254831,265527,265527,8,4,T,Santos e-Sports,SWS Gaming,TargetBombed,1300,Full Eco,25400,Full Buy
13,Liga-Gamers-Club-2021-Serie-A-April-Cup-santos-vs-sws-bo3,de_overpass,14,266167,268729,276771,276771,9,4,T,Santos e-Sports,SWS Gaming,TerroristsWin,25100,Full Buy,25900,Full Buy
14,Liga-Gamers-Club-2021-Serie-A-April-Cup-santos-vs-sws-bo3,de_overpass,15,277411,279971,292781,294806,10,4,CT,SWS Gaming,Santos e-Sports,CTWin,16400,Half Buy,27450,Full Buy
15,Liga-Gamers-Club-2021-Serie-A-April-Cup-santos-vs-sws-bo3,de_overpass,16,295446,297997,312562,312569,5,10,CT,Santos e-Sports,SWS Gaming,BombDefused,4300,Pistol,4500,Pistol
16,Liga-Gamers-Club-2021-Serie-A-April-Cup-santos-vs-sws-bo3,de_overpass,17,313209,315761,331349,331360,5,11,T,SWS Gaming,Santos e-Sports,TargetBombed,22550,Full Buy,15400,Half Buy
17,Liga-Gamers-Club-2021-Serie-A-April-Cup-santos-vs-sws-bo3,de_overpass,18,332000,334550,347993,348000,6,11,CT,Santos e-Sports,SWS Gaming,CTWin,13600,Half Buy,20150,Full Buy
18,Liga-Gamers-Club-2021-Serie-A-April-Cup-santos-vs-sws-bo3,de_overpass,19,348640,351193,355477,355477,6,12,CT,Santos e-Sports,SWS Gaming,CTWin,26900,Full Buy,7800,Half Buy
19,Liga-Gamers-Club-2021-Serie-A-April-Cup-santos-vs-sws-bo3,de_overpass,20,356117,358679,365245,365253,6,13,CT,Santos e-Sports,SWS Gaming,CTWin,29000,Full Buy,1000,Full Eco
20,Liga-Gamers-Club-2021-Serie-A-April-Cup-santos-vs-sws-bo3,de_overpass,21,365893,372802,389979,389986,6,14,CT,Santos e-Sports,SWS Gaming,BombDefused,36350,Full Buy,23850,Full Buy
21,Liga-Gamers-Club-2021-Serie-A-April-Cup-santos-vs-sws-bo3,de_overpass,22,390626,393179,406502,406510,6,15,T,SWS Gaming,Santos e-Sports,TerroristsWin,31950,Full Buy,20100,Full Buy
22,Liga-Gamers-Club-2021-Serie-A-April-Cup-santos-vs-sws-bo3,de_overpass,23,407150,422080,422080,422080,7,15,CT,Santos e-Sports,SWS Gaming,CTWin,22800,Full Buy,23800,Full Buy
23,Liga-Gamers-Club-2021-Serie-A-April-Cup-santos-vs-sws-bo3,de_nuke,1,13250,15813,19649,19657,0,0,CT,Santos e-Sports,SWS Gaming,CTWin,4300,Pistol,4550,Pistol
24,Liga-Gamers-Club-2021-Serie-A-April-Cup-santos-vs-sws-bo3,de_nuke,2,20297,22850,26834,26840,0,1,CT,Santos e-Sports,SWS Gaming,CTWin,21000,Half Buy,1900,Full Eco
25,Liga-Gamers-Club-2021-Serie-A-April-Cup-santos-vs-sws-bo3,de_nuke,3,27480,30036,44232,44240,0,2,T,SWS Gaming,Santos e-Sports,TerroristsWin,22550,Full Buy,22050,Full Buy
26,Liga-Gamers-Club-2021-Serie-A-April-Cup-santos-vs-sws-bo3,de_nuke,4,44880,47432,66322,66326,1,2,T,SWS Gaming,Santos e-Sports,TargetBombed,6850,Half Buy,25500,Full Buy
27,Liga-Gamers-Club-2021-Serie-A-April-Cup-santos-vs-sws-bo3,de_nuke,5,66966,69519,81268,81273,2,2,CT,Santos e-Sports,SWS Gaming,CTWin,25750,Full Buy,26950,Full Buy
28,Liga-Gamers-Club-2021-Serie-A-April-Cup-santos-vs-sws-bo3,de_nuke,6,81913,84466,100380,100386,2,3,T,SWS Gaming,Santos e-Sports,TerroristsWin,32750,Full Buy,16950,Half Buy
29,Liga-Gamers-Club-2021-Serie-A-April-Cup-santos-vs-sws-bo3,de_nuke,7,101026,103579,115209,115205,3,3,T,SWS Gaming,Santos e-Sports,TerroristsWin,4750,Eco,26250,Full Buy
30,Liga-Gamers-Club-2021-Serie-A-April-Cup-santos-vs-sws-bo3,de_nuke,8,115845,118406,132618,132618,4,3,CT,Santos e-Sports,SWS Gaming,BombDefused,25300,Full Buy,25500,Full Buy
31,Liga-Gamers-Club-2021-Serie-A-April-Cup-santos-vs-sws-bo3,de_nuke,9,133258,135818,138547,138554,4,4,CT,Santos e-Sports,SWS Gaming,CTWin,31400,Full Buy,5900,Eco
32,Liga-Gamers-Club-2021-Serie-A-April-Cup-santos-vs-sws-bo3,de_nuke,10,139194,141746,153542,153543,4,5,CT,Santos e-Sports,SWS Gaming,CTWin,32650,Full Buy,22500,Full Buy
33,Liga-Gamers-Club-2021-Serie-A-April-Cup-santos-vs-sws-bo3,de_nuke,11,154183,165327,177704,177711,4,6,CT,Santos e-Sports,SWS Gaming,CTWin,33600,Full Buy,4350,Eco
34,Liga-Gamers-Club-2021-Serie-A-April-Cup-santos-vs-sws-bo3,de_nuke,12,178351,180903,193871,193881,4,7,CT,Santos e-Sports,SWS Gaming,CTWin,34800,Full Buy,25500,Full Buy
35,Liga-Gamers-Club-2021-Serie-A-April-Cup-santos-vs-sws-bo3,de_nuke,13,194521,203818,214730,214735,4,8,CT,Santos e-Sports,SWS Gaming,BombDefused,32350,Full Buy,9800,Half Buy
36,Liga-Gamers-Club-2021-Serie-A-April-Cup-santos-vs-sws-bo3,de_nuke,14,215375,217928,232650,232653,4,9,CT,Santos e-Sports,SWS Gaming,TargetSaved,33900,Full Buy,27250,Full Buy
37,Liga-Gamers-Club-2021-Serie-A-April-Cup-santos-vs-sws-bo3,de_nuke,15,263038,265590,277112,282675,4,10,T,SWS Gaming,Santos e-Sports,TerroristsWin,35350,Full Buy,25750,Full Buy
38,Liga-Gamers-Club-2021-Serie-A-April-Cup-santos-vs-sws-bo3,de_nuke,16,283315,285867,296724,296729,10,5,T,Santos e-Sports,SWS Gaming,TerroristsWin,4450,Pistol,4550,Pistol
39,Liga-Gamers-Club-2021-Serie-A-April-Cup-santos-vs-sws-bo3,de_nuke,17,297369,299922,311186,311195,11,5,T,Santos e-Sports,SWS Gaming,TerroristsWin,10550,Half Buy,20250,Full Buy
40,Liga-Gamers-Club-2021-Serie-A-April-Cup-santos-vs-sws-bo3,de_nuke,18,311835,314388,322082,322088,12,5,T,Santos e-Sports,SWS Gaming,TerroristsWin,1800,Full Eco,24600,Full Buy
41,Liga-Gamers-Club-2021-Serie-A-April-Cup-santos-vs-sws-bo3,de_nuke,19,322728,325280,333432,333440,13,5,CT,SWS Gaming,Santos e-Sports,CTWin,27700,Full Buy,25100,Full Buy
42,Liga-Gamers-Club-2021-Serie-A-April-Cup-santos-vs-sws-bo3,de_nuke,20,334080,336632,351352,351352,13,6,CT,SWS Gaming,Santos e-Sports,TargetSaved,26850,Full Buy,26550,Full Buy
43,Liga-Gamers-Club-2021-Serie-A-April-Cup-santos-vs-sws-bo3,de_nuke,21,394877,397430,416371,416367,13,7,T,Santos e-Sports,SWS Gaming,TargetBombed,29700,Full Buy,11600,Half Buy
44,Liga-Gamers-Club-2021-Serie-A-April-Cup-santos-vs-sws-bo3,de_nuke,22,417007,419569,424318,424324,14,7,T,Santos e-Sports,SWS Gaming,TerroristsWin,8300,Half Buy,27800,Full Buy
45,Liga-Gamers-Club-2021-Serie-A-April-Cup-santos-vs-sws-bo3,de_nuke,23,424964,431953,448435,448439,15,7,T,Santos e-Sports,SWS Gaming,TargetBombed,26250,Full Buy,29300,Full Buy
46,Liga-Gamers-Club-2021-Serie-A-April-Cup-santos-vs-sws-bo3,de_nuke,24,449079,463655,463655,463655,16,7,T,Santos e-Sports,SWS Gaming,TerroristsWin,20250,Half Buy,27500,Full Buy
47,Flashpoint-3-ClosedQualifier-complexity-vs-mousesports-bo3,de_overpass,1,7627,16170,24259,24266,0,0,T,compLexity,mousesports,TerroristsWin,4250,Pistol,4450,Pistol
48,Flashpoint-3-ClosedQualifier-complexity-vs-mousesports-bo3,de_overpass,2,24901,27461,43991,43996,1,0,T,compLexity,mousesports,TargetBombed,10250,Half Buy,19050,Full Buy
49,Flashpoint-3-ClosedQualifier-complexity-vs-mousesports-bo3,de_overpass,3,44631,47191,59534,59539,2,0,T,compLexity,mousesports,TerroristsWin,6350,Half Buy,21950,Full Buy
50,Flashpoint-3-ClosedQualifier-complexity-vs-mousesports-bo3,de_overpass,4,60174,62734,74517,74521,3,0,CT,mousesports,compLexity,CTWin,29000,Full Buy,24300,Full Buy
51,Flashpoint-3-ClosedQualifier-complexity-vs-mousesports-bo3,de_overpass,5,75156,77716,81481,81486,3,1,CT,mousesports,compLexity,CTWin,30450,Full Buy,1900,Full Eco
52,Flashpoint-3-ClosedQualifier-complexity-vs-mousesports-bo3,de_overpass,6,82121,84681,93282,93287,3,2,CT,mousesports,compLexity,CTWin,31350,Full Buy,22100,Full Buy
53,Flashpoint-3-ClosedQualifier-complexity-vs-mousesports-bo3,de_overpass,7,93922,96482,102634,102640,3,3,CT,mousesports,compLexity,CTWin,31950,Full Buy,4500,Eco
54,Flashpoint-3-ClosedQualifier-complexity-vs-mousesports-bo3,de_overpass,8,103275,105835,116537,116543,3,4,CT,mousesports,compLexity,CTWin,32950,Full Buy,24400,Full Buy
55,Flashpoint-3-ClosedQualifier-complexity-vs-mousesports-bo3,de_overpass,9,117178,119738,124302,124307,3,5,CT,mousesports,compLexity,CTWin,32550,Full Buy,9500,Half Buy
56,Flashpoint-3-ClosedQualifier-complexity-vs-mousesports-bo3,de_overpass,10,124942,127502,138470,138475,3,6,T,compLexity,mousesports,TargetBombed,33450,Full Buy,26050,Full Buy
57,Flashpoint-3-ClosedQualifier-complexity-vs-mousesports-bo3,de_overpass,11,139110,141670,145201,145207,4,6,CT,mousesports,compLexity,CTWin,33450,Full Buy,22000,Full Buy
58,Flashpoint-3-ClosedQualifier-complexity-vs-mousesports-bo3,de_overpass,12,145842,148402,155649,155654,4,7,CT,mousesports,compLexity,CTWin,34750,Full Buy,10700,Half Buy
59,Flashpoint-3-ClosedQualifier-complexity-vs-mousesports-bo3,de_overpass,13,156289,158849,167580,167587,4,8,CT,mousesports,compLexity,CTWin,33200,Full Buy,24200,Full Buy
60,Flashpoint-3-ClosedQualifier-complexity-vs-mousesports-bo3,de_overpass,14,168222,170782,175648,175653,4,9,CT,mousesports,compLexity,CTWin,32650,Full Buy,12050,Half Buy
61,Flashpoint-3-ClosedQualifier-complexity-vs-mousesports-bo3,de_overpass,15,176288,178848,196271,197556,4,10,CT,mousesports,compLexity,BombDefused,43350,Full Buy,24700,Full Buy
62,Flashpoint-3-ClosedQualifier-complexity-vs-mousesports-bo3,de_overpass,16,198191,200751,210401,210406,11,4,T,mousesports,compLexity,TargetBombed,4400,Pistol,4350,Pistol
63,Flashpoint-3-ClosedQualifier-complexity-vs-mousesports-bo3,de_overpass,17,211041,213601,227312,227317,12,4,CT,compLexity,mousesports,CTWin,12100,Half Buy,21850,Full Buy
64,Flashpoint-3-ClosedQualifier-complexity-vs-mousesports-bo3,de_overpass,18,227952,230512,245390,245395,12,5,T,mousesports,compLexity,TerroristsWin,21250,Half Buy,8750,Half Buy
65,Flashpoint-3-ClosedQualifier-complexity-vs-mousesports-bo3,de_overpass,19,246030,248590,266761,266766,13,5,CT,compLexity,mousesports,BombDefused,10500,Half Buy,19800,Full Buy
66,Flashpoint-3-ClosedQualifier-complexity-vs-mousesports-bo3,de_overpass,20,267401,269961,283297,283304,13,6,CT,compLexity,mousesports,CTWin,22650,Full Buy,1300,Full Eco
67,Flashpoint-3-ClosedQualifier-complexity-vs-mousesports-bo3,de_overpass,21,283939,286499,299262,299267,13,7,CT,compLexity,mousesports,CTWin,25700,Full Buy,22900,Full Buy
68,Flashpoint-3-ClosedQualifier-complexity-vs-mousesports-bo3,de_overpass,22,299902,302462,317741,317746,13,8,T,mousesports,compLexity,TargetBombed,32150,Full Buy,4700,Eco
69,Flashpoint-3-ClosedQualifier-complexity-vs-mousesports-bo3,de_overpass,23,318381,320941,337548,337553,14,8,T,mousesports,compLexity,TerroristsWin,30500,Full Buy,29400,Full Buy
70,Flashpoint-3-ClosedQualifier-complexity-vs-mousesports-bo3,de_overpass,24,338188,356299,356299,356299,15,8,T,mousesports,compLexity,TerroristsWin,14900,Half Buy,27750,Full Buy
71,Flashpoint-3-ClosedQualifier-complexity-vs-mousesports-bo3,de_nuke,1,7827,10387,15228,15235,0,0,CT,compLexity,mousesports,CTWin,4300,Pistol,4450,Pistol
72,Flashpoint-3-ClosedQualifier-complexity-vs-mousesports-bo3,de_nuke,2,15870,18430,23572,23577,0,1,CT,compLexity,mousesports,CTWin,22600,Full Buy,9100,Half Buy
73,Flashpoint-3-ClosedQualifier-complexity-vs-mousesports-bo3,de_nuke,3,24212,26772,37096,37102,0,2,CT,compLexity,mousesports,CTWin,26750,Full Buy,4750,Eco
74,Flashpoint-3-ClosedQualifier-complexity-vs-mousesports-bo3,de_nuke,4,37737,40297,56183,56191,0,3,T,mousesports,compLexity,TerroristsWin,29750,Full Buy,25550,Full Buy
75,Flashpoint-3-ClosedQualifier-complexity-vs-mousesports-bo3,de_nuke,5,56826,62656,78640,78645,1,3,CT,compLexity,mousesports,BombDefused,26950,Full Buy,26950,Full Buy
76,Flashpoint-3-ClosedQualifier-complexity-vs-mousesports-bo3,de_nuke,6,79280,81840,94131,94137,1,4,CT,compLexity,mousesports,CTWin,31550,Full Buy,23400,Full Buy
77,Flashpoint-3-ClosedQualifier-complexity-vs-mousesports-bo3,de_nuke,7,94772,97332,107489,107495,1,5,CT,compLexity,mousesports,CTWin,33700,Full Buy,8650,Half Buy
78,Flashpoint-3-ClosedQualifier-complexity-vs-mousesports-bo3,de_nuke,8,108130,110690,123600,123606,1,6,CT,compLexity,mousesports,CTWin,32850,Full Buy,26350,Full Buy
79,Flashpoint-3-ClosedQualifier-complexity-vs-mousesports-bo3,de_nuke,9,124241,126801,136082,136087,1,7,CT,compLexity,mousesports,CTWin,29600,Full Buy,9850,Half Buy
80,Flashpoint-3-ClosedQualifier-complexity-vs-mousesports-bo3,de_nuke,10,136722,139282,153301,153308,1,8,T,mousesports,compLexity,TerroristsWin,33150,Full Buy,26550,Full Buy
81,Flashpoint-3-ClosedQualifier-complexity-vs-mousesports-bo3,de_nuke,11,153943,159603,172933,172939,2,8,T,mousesports,compLexity,TerroristsWin,23500,Full Buy,23750,Full Buy
82,Flashpoint-3-ClosedQualifier-complexity-vs-mousesports-bo3,de_nuke,12,173574,176134,188271,188276,3,8,T,mousesports,compLexity,TargetBombed,1700,Full Eco,26850,Full Buy
83,Flashpoint-3-ClosedQualifier-complexity-vs-mousesports-bo3,de_nuke,13,188911,191471,209059,209064,4,8,T,mousesports,compLexity,TargetBombed,23950,Full Buy,27950,Full Buy
84,Flashpoint-3-ClosedQualifier-complexity-vs-mousesports-bo3,de_nuke,14,209699,212259,219104,219110,5,8,T,mousesports,compLexity,TerroristsWin,15400,Half Buy,26450,Full Buy
85,Flashpoint-3-ClosedQualifier-complexity-vs-mousesports-bo3,de_nuke,15,219745,222305,229835,231120,6,8,T,mousesports,compLexity,TerroristsWin,28800,Full Buy,28550,Full Buy
86,Flashpoint-3-ClosedQualifier-complexity-vs-mousesports-bo3,de_nuke,16,231755,234315,245014,245022,8,7,CT,mousesports,compLexity,CTWin,4250,Pistol,4400,Pistol
87,Flashpoint-3-ClosedQualifier-complexity-vs-mousesports-bo3,de_nuke,17,245657,248217,260108,260113,8,8,CT,mousesports,compLexity,CTWin,20500,Half Buy,11500,Half Buy
88,Flashpoint-3-ClosedQualifier-complexity-vs-mousesports-bo3,de_nuke,18,260748,263308,271655,271661,8,9,CT,mousesports,compLexity,CTWin,23400,Full Buy,5500,Eco
89,Flashpoint-3-ClosedQualifier-complexity-vs-mousesports-bo3,de_nuke,19,272296,274856,286156,286163,8,10,T,compLexity,mousesports,TerroristsWin,25300,Full Buy,24200,Full Buy
90,Flashpoint-3-ClosedQualifier-complexity-vs-mousesports-bo3,de_nuke,20,286798,289358,298930,298936,9,10,CT,mousesports,compLexity,CTWin,24900,Full Buy,23350,Full Buy
91,Flashpoint-3-ClosedQualifier-complexity-vs-mousesports-bo3,de_nuke,21,299571,302131,307783,307789,9,11,CT,mousesports,compLexity,CTWin,29350,Full Buy,8550,Half Buy
92,Flashpoint-3-ClosedQualifier-complexity-vs-mousesports-bo3,de_nuke,22,308424,310984,322364,322370,9,12,T,compLexity,mousesports,TerroristsWin,29250,Full Buy,24200,Full Buy
93,Flashpoint-3-ClosedQualifier-complexity-vs-mousesports-bo3,de_nuke,23,323005,325565,338674,338679,10,12,CT,mousesports,compLexity,BombDefused,21800,Half Buy,21150,Full Buy
94,Flashpoint-3-ClosedQualifier-complexity-vs-mousesports-bo3,de_nuke,24,339314,341874,345576,345581,10,13,CT,mousesports,compLexity,CTWin,26800,Full Buy,20400,Full Buy
95,Flashpoint-3-ClosedQualifier-complexity-vs-mousesports-bo3,de_nuke,25,346216,348776,360299,360304,10,14,CT,mousesports,compLexity,BombDefused,28500,Full Buy,10850,Half Buy
96,Flashpoint-3-ClosedQualifier-complexity-vs-mousesports-bo3,de_nuke,26,360939,368661,368661,368661,10,15,CT,mousesports,compLexity,CTWin,34900,Full Buy,25700,Full Buy
97,DreamHack-Masters-Spring-2021-g2-vs-mousesports-bo3,de_mirage,1,1150,3710,13056,13061,0,0,T,G2 Esports,mousesports,TargetBombed,4300,Pistol,4450,Pistol
98,DreamHack-Masters-Spring-2021-g2-vs-mousesports-bo3,de_mirage,2,13696,16256,28487,28492,1,0,T,G2 Esports,mousesports,TargetBombed,10050,Half Buy,20150,Full Buy
99,DreamHack-Masters-Spring-2021-g2-vs-mousesports-bo3,de_mirage,3,29127,31687,47235,47241,2,0,T,G2 Esports,mousesports,TerroristsWin,5550,Eco,22300,Full Buy
100,DreamHack-Masters-Spring-2021-g2-vs-mousesports-bo3,de_mirage,4,47876,50436,58914,58919,3,0,CT,mousesports,G2 Esports,CTWin,27450,Full Buy,26900,Full Buy
101,DreamHack-Masters-Spring-2021-g2-vs-mousesports-bo3,de_mirage,5,59554,62114,75571,75577,3,1,T,G2 Esports,mousesports,TerroristsWin,30000,Full Buy,5000,Eco
102,DreamHack-Masters-Spring-2021-g2-vs-mousesports-bo3,de_mirage,6,76212,78772,94335,94340,4,1,CT,mousesports,G2 Esports,BombDefused,6950,Half Buy,25600,Full Buy
103,DreamHack-Masters-Spring-2021-g2-vs-mousesports-bo3,de_mirage,7,94975,97535,111350,111355,4,2,T,G2 Esports,mousesports,TerroristsWin,31550,Full Buy,21950,Full Buy
104,DreamHack-Masters-Spring-2021-g2-vs-mousesports-bo3,de_mirage,8,111990,114550,129215,129220,5,2,T,G2 Esports,mousesports,TerroristsWin,23600,Full Buy,24450,Full Buy
105,DreamHack-Masters-Spring-2021-g2-vs-mousesports-bo3,de_mirage,9,129855,132415,146964,146969,6,2,T,G2 Esports,mousesports,TargetBombed,3800,Eco,24750,Full Buy
106,DreamHack-Masters-Spring-2021-g2-vs-mousesports-bo3,de_mirage,10,147604,154787,172683,172688,7,2,T,G2 Esports,mousesports,TerroristsWin,27900,Full Buy,26200,Full Buy
107,DreamHack-Masters-Spring-2021-g2-vs-mousesports-bo3,de_mirage,11,173323,175883,192374,192379,8,2,CT,mousesports,G2 Esports,BombDefused,7600,Half Buy,27000,Full Buy
108,DreamHack-Masters-Spring-2021-g2-vs-mousesports-bo3,de_mirage,12,193014,195574,206112,206118,8,3,T,G2 Esports,mousesports,TerroristsWin,31150,Full Buy,26850,Full Buy
109,DreamHack-Masters-Spring-2021-g2-vs-mousesports-bo3,de_mirage,13,206753,209313,226911,226916,9,3,T,G2 Esports,mousesports,TargetBombed,25450,Full Buy,25100,Full Buy
110,DreamHack-Masters-Spring-2021-g2-vs-mousesports-bo3,de_mirage,14,227551,230111,244831,244836,10,3,CT,mousesports,G2 Esports,TargetSaved,25100,Full Buy,26300,Full Buy
111,DreamHack-Masters-Spring-2021-g2-vs-mousesports-bo3,de_mirage,15,245471,254094,266189,265810,10,4,T,G2 Esports,mousesports,TerroristsWin,22050,Full Buy,23350,Full Buy
112,DreamHack-Masters-Spring-2021-g2-vs-mousesports-bo3,de_mirage,16,266445,293124,302722,302727,4,11,CT,G2 Esports,mousesports,BombDefused,4450,Pistol,4450,Pistol
113,DreamHack-Masters-Spring-2021-g2-vs-mousesports-bo3,de_mirage,17,303362,305922,315351,315356,4,12,CT,G2 Esports,mousesports,CTWin,21550,Half Buy,16300,Half Buy
114,DreamHack-Masters-Spring-2021-g2-vs-mousesports-bo3,de_mirage,18,315991,318551,330444,330449,4,13,CT,G2 Esports,mousesports,CTWin,25600,Full Buy,4450,Eco
115,DreamHack-Masters-Spring-2021-g2-vs-mousesports-bo3,de_mirage,19,331084,333644,345430,345435,4,14,CT,G2 Esports,mousesports,CTWin,26000,Full Buy,24800,Full Buy
116,DreamHack-Masters-Spring-2021-g2-vs-mousesports-bo3,de_mirage,20,346070,348630,362499,362504,4,15,T,mousesports,G2 Esports,TargetBombed,29950,Full Buy,18150,Half Buy
117,DreamHack-Masters-Spring-2021-g2-vs-mousesports-bo3,de_mirage,21,363139,365699,379628,379633,5,15,T,mousesports,G2 Esports,TargetBombed,28050,Full Buy,26250,Full Buy
118,DreamHack-Masters-Spring-2021-g2-vs-mousesports-bo3,de_mirage,22,380268,382828,395714,395719,6,15,T,mousesports,G2 Esports,TargetBombed,15300,Half Buy,28050,Full Buy
119,DreamHack-Masters-Spring-2021-g2-vs-mousesports-bo3,de_mirage,23,396354,398914,417826,417831,7,15,T,mousesports,G2 Esports,TargetBombed,24300,Full Buy,28050,Full Buy
120,DreamHack-Masters-Spring-2021-g2-vs-mousesports-bo3,de_mirage,24,418466,425903,440806,440811,8,15,T,mousesports,G2 Esports,TargetBombed,29450,Full Buy,36600,Full Buy
121,DreamHack-Masters-Spring-2021-g2-vs-mousesports-bo3,de_mirage,25,441446,444006,452974,452979,9,15,T,mousesports,G2 Esports,TerroristsWin,16600,Half Buy,29200,Full Buy
122,DreamHack-Masters-Spring-2021-g2-vs-mousesports-bo3,de_mirage,26,453614,456174,469924,469931,10,15,T,mousesports,G2 Esports,TerroristsWin,30850,Full Buy,27950,Full Buy
123,DreamHack-Masters-Spring-2021-g2-vs-mousesports-bo3,de_mirage,27,470566,473126,484733,484738,11,15,T,mousesports,G2 Esports,TargetBombed,9150,Half Buy,28250,Full Buy
124,DreamHack-Masters-Spring-2021-g2-vs-mousesports-bo3,de_mirage,28,485373,498192,498192,512918,12,15,CT,G2 Esports,mousesports,CTWin,30600,Full Buy,27850,Full Buy
125,DreamHack-Masters-Spring-2021-g2-vs-mousesports-bo3,de_vertigo,1,0,0,1150,1150,0,0,CT,G2 Esports,mousesports,TargetSaved,259300,Pistol,272450,Pistol
126,DreamHack-Masters-Spring-2021-g2-vs-mousesports-bo3,de_vertigo,2,15062,17622,32342,32342,0,1,CT,G2 Esports,mousesports,TargetSaved,21050,Half Buy,9450,Half Buy
127,DreamHack-Masters-Spring-2021-g2-vs-mousesports-bo3,de_vertigo,3,32982,35542,49399,49401,0,2,CT,G2 Esports,mousesports,CTWin,24250,Full Buy,3100,Eco
128,DreamHack-Masters-Spring-2021-g2-vs-mousesports-bo3,de_vertigo,4,50041,52601,58495,58497,0,3,CT,G2 Esports,mousesports,CTWin,26800,Full Buy,25750,Full Buy
129,DreamHack-Masters-Spring-2021-g2-vs-mousesports-bo3,de_vertigo,5,59137,61697,75233,75233,0,4,CT,G2 Esports,mousesports,BombDefused,31050,Full Buy,9250,Half Buy
130,DreamHack-Masters-Spring-2021-g2-vs-mousesports-bo3,de_vertigo,6,75873,78433,92029,92032,0,5,CT,G2 Esports,mousesports,CTWin,32850,Full Buy,27150,Full Buy
131,DreamHack-Masters-Spring-2021-g2-vs-mousesports-bo3,de_vertigo,7,92672,100013,114733,114733,0,6,CT,G2 Esports,mousesports,TargetSaved,31750,Full Buy,23400,Full Buy
132,DreamHack-Masters-Spring-2021-g2-vs-mousesports-bo3,de_vertigo,8,115373,123681,136692,136694,0,7,CT,G2 Esports,mousesports,CTWin,32150,Full Buy,11850,Half Buy
133,DreamHack-Masters-Spring-2021-g2-vs-mousesports-bo3,de_vertigo,9,137334,139894,156682,156682,0,8,T,mousesports,G2 Esports,TargetBombed,32850,Full Buy,24750,Full Buy
134,DreamHack-Masters-Spring-2021-g2-vs-mousesports-bo3,de_vertigo,10,157322,164346,178163,178165,1,8,T,mousesports,G2 Esports,TerroristsWin,30700,Full Buy,20000,Full Buy
135,DreamHack-Masters-Spring-2021-g2-vs-mousesports-bo3,de_vertigo,11,178805,181365,197962,197962,2,8,T,mousesports,G2 Esports,TargetBombed,3500,Eco,25550,Full Buy
136,DreamHack-Masters-Spring-2021-g2-vs-mousesports-bo3,de_vertigo,12,198602,201162,218194,218195,3,8,T,mousesports,G2 Esports,TerroristsWin,30250,Full Buy,26050,Full Buy
137,DreamHack-Masters-Spring-2021-g2-vs-mousesports-bo3,de_vertigo,13,218835,221395,238919,238919,4,8,T,mousesports,G2 Esports,TargetBombed,6750,Half Buy,27550,Full Buy
138,DreamHack-Masters-Spring-2021-g2-vs-mousesports-bo3,de_vertigo,14,239559,242119,256839,256839,5,8,CT,G2 Esports,mousesports,TargetSaved,29700,Full Buy,27450,Full Buy
139,DreamHack-Masters-Spring-2021-g2-vs-mousesports-bo3,de_vertigo,15,257479,264865,280448,280064,5,9,T,mousesports,G2 Esports,TerroristsWin,30350,Full Buy,29250,Full Buy
140,DreamHack-Masters-Spring-2021-g2-vs-mousesports-bo3,de_vertigo,16,280704,306369,316942,316943,9,6,CT,mousesports,G2 Esports,CTWin,4400,Pistol,4450,Pistol
141,DreamHack-Masters-Spring-2021-g2-vs-mousesports-bo3,de_vertigo,17,317583,320143,323691,323692,9,7,CT,mousesports,G2 Esports,CTWin,20500,Half Buy,1500,Full Eco
142,DreamHack-Masters-Spring-2021-g2-vs-mousesports-bo3,de_vertigo,18,324332,326892,337535,337537,9,8,T,G2 Esports,mousesports,TerroristsWin,23800,Full Buy,23200,Full Buy
143,DreamHack-Masters-Spring-2021-g2-vs-mousesports-bo3,de_vertigo,19,338177,346131,355552,355554,10,8,T,G2 Esports,mousesports,TerroristsWin,15750,Half Buy,21350,Full Buy
144,DreamHack-Masters-Spring-2021-g2-vs-mousesports-bo3,de_vertigo,20,356194,358754,373522,373522,11,8,T,G2 Esports,mousesports,TerroristsWin,1700,Full Eco,22000,Full Buy
145,DreamHack-Masters-Spring-2021-g2-vs-mousesports-bo3,de_vertigo,21,374162,376722,389948,389950,12,8,T,G2 Esports,mousesports,TerroristsWin,23650,Full Buy,25100,Full Buy
146,DreamHack-Masters-Spring-2021-g2-vs-mousesports-bo3,de_vertigo,22,390590,393150,408647,408648,13,8,T,G2 Esports,mousesports,TerroristsWin,5750,Eco,24300,Full Buy
147,DreamHack-Masters-Spring-2021-g2-vs-mousesports-bo3,de_vertigo,23,409288,416559,425625,425625,14,8,CT,mousesports,G2 Esports,BombDefused,28400,Full Buy,23450,Full Buy
148,DreamHack-Masters-Spring-2021-g2-vs-mousesports-bo3,de_vertigo,24,426265,428825,441637,441637,14,9,CT,mousesports,G2 Esports,BombDefused,30000,Full Buy,24800,Full Buy
149,DreamHack-Masters-Spring-2021-g2-vs-mousesports-bo3,de_vertigo,25,442277,444837,457653,457656,14,10,T,G2 Esports,mousesports,TerroristsWin,31350,Full Buy,22750,Full Buy
150,DreamHack-Masters-Spring-2021-g2-vs-mousesports-bo3,de_vertigo,26,458296,475441,475441,490162,15,10,T,G2 Esports,mousesports,TerroristsWin,22850,Full Buy,21100,Full Buy
151,DreamHack-Masters-Spring-2021-big-vs-heroic-bo3,de_nuke,1,1150,21300,27428,27433,0,0,CT,BIG,HEROIC,BombDefused,4300,Pistol,4400,Pistol
152,DreamHack-Masters-Spring-2021-big-vs-heroic-bo3,de_nuke,2,28068,35742,44801,44808,0,1,T,HEROIC,BIG,TerroristsWin,22300,Full Buy,14950,Half Buy
153,DreamHack-Masters-Spring-2021-big-vs-heroic-bo3,de_nuke,3,45443,48003,62444,62449,1,1,T,HEROIC,BIG,TargetBombed,9100,Half Buy,20100,Full Buy
154,DreamHack-Masters-Spring-2021-big-vs-heroic-bo3,de_nuke,4,63084,65644,73478,73483,2,1,T,HEROIC,BIG,TerroristsWin,3900,Eco,21800,Full Buy
155,DreamHack-Masters-Spring-2021-big-vs-heroic-bo3,de_nuke,5,74118,76678,88431,88436,3,1,T,HEROIC,BIG,TargetBombed,23200,Full Buy,25100,Full Buy
156,DreamHack-Masters-Spring-2021-big-vs-heroic-bo3,de_nuke,6,89071,96477,112204,112209,4,1,CT,BIG,HEROIC,BombDefused,8400,Half Buy,25800,Full Buy
157,DreamHack-Masters-Spring-2021-big-vs-heroic-bo3,de_nuke,7,112844,115404,125665,125671,4,2,CT,BIG,HEROIC,CTWin,28700,Full Buy,27150,Full Buy
158,DreamHack-Masters-Spring-2021-big-vs-heroic-bo3,de_nuke,8,126306,132716,145804,145809,4,3,T,HEROIC,BIG,TargetBombed,31400,Full Buy,23950,Full Buy
159,DreamHack-Masters-Spring-2021-big-vs-heroic-bo3,de_nuke,9,146444,152844,167517,167522,5,3,CT,BIG,HEROIC,BombDefused,28150,Full Buy,26400,Full Buy
160,DreamHack-Masters-Spring-2021-big-vs-heroic-bo3,de_nuke,10,168157,170717,174721,174726,5,4,CT,BIG,HEROIC,CTWin,26950,Full Buy,4000,Eco
161,DreamHack-Masters-Spring-2021-big-vs-heroic-bo3,de_nuke,11,175361,177921,187990,187996,5,5,CT,BIG,HEROIC,CTWin,29300,Full Buy,21250,Full Buy
162,DreamHack-Masters-Spring-2021-big-vs-heroic-bo3,de_nuke,12,188631,191191,194595,194600,5,6,CT,BIG,HEROIC,CTWin,32800,Full Buy,6450,Half Buy
163,DreamHack-Masters-Spring-2021-big-vs-heroic-bo3,de_nuke,13,195235,197795,213959,213964,5,7,CT,BIG,HEROIC,BombDefused,32450,Full Buy,24400,Full Buy
164,DreamHack-Masters-Spring-2021-big-vs-heroic-bo3,de_nuke,14,214599,220999,232527,232532,5,8,T,HEROIC,BIG,TerroristsWin,31750,Full Buy,23100,Full Buy
165,DreamHack-Masters-Spring-2021-big-vs-heroic-bo3,de_nuke,15,233167,235727,245623,245244,6,8,CT,BIG,HEROIC,CTWin,34700,Full Buy,26900,Full Buy
166,DreamHack-Masters-Spring-2021-big-vs-heroic-bo3,de_nuke,16,245879,272456,276622,276629,9,6,CT,HEROIC,BIG,CTWin,4400,Pistol,4550,Pistol
167,DreamHack-Masters-Spring-2021-big-vs-heroic-bo3,de_nuke,17,277264,279824,289367,289373,9,7,CT,HEROIC,BIG,CTWin,21150,Half Buy,10450,Half Buy
168,DreamHack-Masters-Spring-2021-big-vs-heroic-bo3,de_nuke,18,290008,292568,301245,301250,9,8,CT,HEROIC,BIG,CTWin,24550,Full Buy,2200,Eco
169,DreamHack-Masters-Spring-2021-big-vs-heroic-bo3,de_nuke,19,301885,304445,315097,315102,9,9,T,BIG,HEROIC,TerroristsWin,29450,Full Buy,26550,Full Buy
170,DreamHack-Masters-Spring-2021-big-vs-heroic-bo3,de_nuke,20,315737,318297,331248,331253,10,9,CT,HEROIC,BIG,BombDefused,26050,Full Buy,26450,Full Buy
171,DreamHack-Masters-Spring-2021-big-vs-heroic-bo3,de_nuke,21,331888,334448,350696,350701,10,10,CT,HEROIC,BIG,BombDefused,29150,Full Buy,24500,Full Buy
172,DreamHack-Masters-Spring-2021-big-vs-heroic-bo3,de_nuke,22,351336,353896,364052,364059,10,11,T,BIG,HEROIC,TerroristsWin,29550,Full Buy,10450,Half Buy
173,DreamHack-Masters-Spring-2021-big-vs-heroic-bo3,de_nuke,23,364694,371879,378283,378289,11,11,T,BIG,HEROIC,TerroristsWin,1000,Full Eco,28850,Full Buy
174,DreamHack-Masters-Spring-2021-big-vs-heroic-bo3,de_nuke,24,378924,381484,387359,387364,12,11,CT,HEROIC,BIG,CTWin,26600,Full Buy,27150,Full Buy
175,DreamHack-Masters-Spring-2021-big-vs-heroic-bo3,de_nuke,25,387999,390559,401694,401699,12,12,CT,HEROIC,BIG,CTWin,30650,Full Buy,26150,Full Buy
176,DreamHack-Masters-Spring-2021-big-vs-heroic-bo3,de_nuke,26,402334,404894,416094,416098,12,13,CT,HEROIC,BIG,CTWin,30200,Full Buy,7450,Half Buy
177,DreamHack-Masters-Spring-2021-big-vs-heroic-bo3,de_nuke,27,416733,423349,440228,440233,12,14,CT,HEROIC,BIG,BombDefused,31000,Full Buy,23950,Full Buy
178,DreamHack-Masters-Spring-2021-big-vs-heroic-bo3,de_nuke,28,440868,451952,451952,466678,12,15,CT,HEROIC,BIG,CTWin,29950,Full Buy,22800,Full Buy
179,DreamHack-Masters-Spring-2021-big-vs-heroic-bo3,de_mirage,1,0,0,1150,1150,0,0,CT,HEROIC,BIG,TargetSaved,91950,Pistol,154900,Pistol
180,DreamHack-Masters-Spring-2021-big-vs-heroic-bo3,de_mirage,2,32195,34755,50424,50424,0,1,CT,HEROIC,BIG,BombDefused,19200,Half Buy,10700,Half Buy
181,DreamHack-Masters-Spring-2021-big-vs-heroic-bo3,de_mirage,3,51064,53624,61632,61634,0,2,CT,HEROIC,BIG,CTWin,26400,Full Buy,7350,Half Buy
182,DreamHack-Masters-Spring-2021-big-vs-heroic-bo3,de_mirage,4,62274,64834,78894,78895,0,3,CT,HEROIC,BIG,CTWin,31000,Full Buy,26650,Full Buy
183,DreamHack-Masters-Spring-2021-big-vs-heroic-bo3,de_mirage,5,79535,82095,93143,93143,0,4,CT,HEROIC,BIG,CTWin,34200,Full Buy,11050,Half Buy
184,DreamHack-Masters-Spring-2021-big-vs-heroic-bo3,de_mirage,6,93783,96343,109168,109168,0,5,CT,HEROIC,BIG,BombDefused,34600,Full Buy,26300,Full Buy
185,DreamHack-Masters-Spring-2021-big-vs-heroic-bo3,de_mirage,7,109808,112368,124316,124315,0,6,T,BIG,HEROIC,TerroristsWin,32650,Full Buy,24150,Full Buy
186,DreamHack-Masters-Spring-2021-big-vs-heroic-bo3,de_mirage,8,124955,127515,140233,140234,1,6,T,BIG,HEROIC,TerroristsWin,29550,Full Buy,24650,Full Buy
187,DreamHack-Masters-Spring-2021-big-vs-heroic-bo3,de_mirage,9,140874,143434,157761,157761,2,6,T,BIG,HEROIC,TargetBombed,1800,Full Eco,24750,Full Buy
188,DreamHack-Masters-Spring-2021-big-vs-heroic-bo3,de_mirage,10,158401,160961,166738,166739,3,6,CT,HEROIC,BIG,CTWin,29450,Full Buy,21050,Full Buy
189,DreamHack-Masters-Spring-2021-big-vs-heroic-bo3,de_mirage,11,167379,169939,179826,179827,3,7,CT,HEROIC,BIG,CTWin,30750,Full Buy,3000,Eco
190,DreamHack-Masters-Spring-2021-big-vs-heroic-bo3,de_mirage,12,180467,188374,204800,204800,3,8,T,BIG,HEROIC,TargetBombed,33050,Full Buy,25000,Full Buy
191,DreamHack-Masters-Spring-2021-big-vs-heroic-bo3,de_mirage,13,205440,208000,219307,219307,4,8,CT,HEROIC,BIG,CTWin,28300,Full Buy,26250,Full Buy
192,DreamHack-Masters-Spring-2021-big-vs-heroic-bo3,de_mirage,14,219947,222507,230976,230976,4,9,CT,HEROIC,BIG,CTWin,31400,Full Buy,22550,Full Buy
193,DreamHack-Masters-Spring-2021-big-vs-heroic-bo3,de_mirage,15,231616,234176,240912,240528,4,10,CT,HEROIC,BIG,BombDefused,27800,Full Buy,16800,Half Buy
194,DreamHack-Masters-Spring-2021-big-vs-heroic-bo3,de_mirage,16,241168,266891,274236,274236,11,4,CT,BIG,HEROIC,BombDefused,4250,Pistol,4400,Pistol
195,DreamHack-Masters-Spring-2021-big-vs-heroic-bo3,de_mirage,17,274876,277436,290786,290786,11,5,CT,BIG,HEROIC,BombDefused,19750,Half Buy,16550,Half Buy
196,DreamHack-Masters-Spring-2021-big-vs-heroic-bo3,de_mirage,18,291426,293986,302692,302692,11,6,CT,BIG,HEROIC,CTWin,23850,Full Buy,18050,Half Buy
197,DreamHack-Masters-Spring-2021-big-vs-heroic-bo3,de_mirage,19,303332,305892,315415,315415,11,7,CT,BIG,HEROIC,BombDefused,28350,Full Buy,6150,Half Buy
198,DreamHack-Masters-Spring-2021-big-vs-heroic-bo3,de_mirage,20,316055,318615,331351,331352,11,8,T,HEROIC,BIG,TerroristsWin,31400,Full Buy,27350,Full Buy
199,DreamHack-Masters-Spring-2021-big-vs-heroic-bo3,de_mirage,21,331992,334552,351687,351689,12,8,T,HEROIC,BIG,TerroristsWin,3300,Eco,27550,Full Buy
200,DreamHack-Masters-Spring-2021-big-vs-heroic-bo3,de_mirage,22,352329,354889,358396,358396,13,8,CT,BIG,HEROIC,CTWin,26200,Full Buy,21600,Full Buy
201,DreamHack-Masters-Spring-2021-big-vs-heroic-bo3,de_mirage,23,359036,361596,373135,373135,13,9,T,HEROIC,BIG,TargetBombed,32900,Full Buy,27650,Full Buy
202,DreamHack-Masters-Spring-2021-big-vs-heroic-bo3,de_mirage,24,373775,376335,383270,383270,14,9,CT,BIG,HEROIC,CTWin,29400,Full Buy,27350,Full Buy
203,DreamHack-Masters-Spring-2021-big-vs-heroic-bo3,de_mirage,25,383910,392111,397106,397107,14,10,T,HEROIC,BIG,TerroristsWin,31350,Full Buy,22800,Full Buy
204,DreamHack-Masters-Spring-2021-big-vs-heroic-bo3,de_mirage,26,397747,419944,419944,434665,15,10,T,HEROIC,BIG,TerroristsWin,19000,Half Buy,27150,Full Buy
205,Flashpoint-3-ClosedQualifier-dbl-poney-vs-havu-bo3,de_train,1,6572,18492,27672,27679,0,0,CT,DBL PONEY,HAVU GAMING,CTWin,4250,Pistol,4350,Pistol
206,Flashpoint-3-ClosedQualifier-dbl-poney-vs-havu-bo3,de_train,2,28314,30874,46958,46963,0,1,CT,DBL PONEY,HAVU GAMING,BombDefused,20800,Half Buy,11250,Half Buy
207,Flashpoint-3-ClosedQualifier-dbl-poney-vs-havu-bo3,de_train,3,47598,50158,58698,58702,0,2,CT,DBL PONEY,HAVU GAMING,CTWin,31750,Full Buy,6300,Half Buy
208,Flashpoint-3-ClosedQualifier-dbl-poney-vs-havu-bo3,de_train,4,59337,61897,71527,71531,0,3,T,HAVU GAMING,DBL PONEY,TerroristsWin,31900,Full Buy,26100,Full Buy
209,Flashpoint-3-ClosedQualifier-dbl-poney-vs-havu-bo3,de_train,5,72166,74726,88105,88111,1,3,CT,DBL PONEY,HAVU GAMING,CTWin,25900,Full Buy,21350,Full Buy
210,Flashpoint-3-ClosedQualifier-dbl-poney-vs-havu-bo3,de_train,6,88746,91306,102580,102584,1,4,T,HAVU GAMING,DBL PONEY,TerroristsWin,27100,Full Buy,6400,Half Buy
211,Flashpoint-3-ClosedQualifier-dbl-poney-vs-havu-bo3,de_train,7,103219,122566,127622,127627,2,4,T,HAVU GAMING,DBL PONEY,TerroristsWin,10750,Half Buy,27350,Full Buy
212,Flashpoint-3-ClosedQualifier-dbl-poney-vs-havu-bo3,de_train,8,128262,130822,136986,136991,3,4,T,HAVU GAMING,DBL PONEY,TerroristsWin,2400,Eco,28050,Full Buy
213,Flashpoint-3-ClosedQualifier-dbl-poney-vs-havu-bo3,de_train,9,137626,140186,151784,151789,4,4,T,HAVU GAMING,DBL PONEY,TerroristsWin,8300,Half Buy,28250,Full Buy
214,Flashpoint-3-ClosedQualifier-dbl-poney-vs-havu-bo3,de_train,10,152424,154984,161555,161560,5,4,CT,DBL PONEY,HAVU GAMING,BombDefused,29000,Full Buy,28150,Full Buy
215,Flashpoint-3-ClosedQualifier-dbl-poney-vs-havu-bo3,de_train,11,162195,164755,177435,177442,5,5,CT,DBL PONEY,HAVU GAMING,CTWin,31800,Full Buy,27150,Full Buy
216,Flashpoint-3-ClosedQualifier-dbl-poney-vs-havu-bo3,de_train,12,178077,180637,192906,192911,5,6,T,HAVU GAMING,DBL PONEY,TargetBombed,31700,Full Buy,27250,Full Buy
217,Flashpoint-3-ClosedQualifier-dbl-poney-vs-havu-bo3,de_train,13,193546,196106,207701,207708,6,6,T,HAVU GAMING,DBL PONEY,TerroristsWin,21850,Half Buy,27250,Full Buy
218,Flashpoint-3-ClosedQualifier-dbl-poney-vs-havu-bo3,de_train,14,208343,210903,223056,223064,7,6,CT,DBL PONEY,HAVU GAMING,CTWin,3700,Eco,26300,Full Buy
219,Flashpoint-3-ClosedQualifier-dbl-poney-vs-havu-bo3,de_train,15,223699,226259,239902,241187,7,7,CT,DBL PONEY,HAVU GAMING,CTWin,34700,Full Buy,29150,Full Buy
220,Flashpoint-3-ClosedQualifier-dbl-poney-vs-havu-bo3,de_train,16,241822,256282,259758,259765,8,7,T,DBL PONEY,HAVU GAMING,TerroristsWin,4450,Pistol,4350,Pistol
221,Flashpoint-3-ClosedQualifier-dbl-poney-vs-havu-bo3,de_train,17,260400,262960,276601,276606,9,7,T,DBL PONEY,HAVU GAMING,TerroristsWin,11250,Half Buy,19900,Full Buy
222,Flashpoint-3-ClosedQualifier-dbl-poney-vs-havu-bo3,de_train,18,277241,279801,282535,282542,10,7,T,DBL PONEY,HAVU GAMING,TerroristsWin,2600,Eco,21200,Full Buy
223,Flashpoint-3-ClosedQualifier-dbl-poney-vs-havu-bo3,de_train,19,283177,285737,299187,299193,11,7,T,DBL PONEY,HAVU GAMING,TerroristsWin,27100,Full Buy,23600,Full Buy
224,Flashpoint-3-ClosedQualifier-dbl-poney-vs-havu-bo3,de_train,20,299828,302388,315201,315207,12,7,T,DBL PONEY,HAVU GAMING,TerroristsWin,8800,Half Buy,27850,Full Buy
225,Flashpoint-3-ClosedQualifier-dbl-poney-vs-havu-bo3,de_train,21,315842,318402,325814,325820,13,7,CT,HAVU GAMING,DBL PONEY,CTWin,28450,Full Buy,27550,Full Buy
226,Flashpoint-3-ClosedQualifier-dbl-poney-vs-havu-bo3,de_train,22,326455,334724,348233,348238,13,8,CT,HAVU GAMING,DBL PONEY,BombDefused,30800,Full Buy,9450,Half Buy
227,Flashpoint-3-ClosedQualifier-dbl-poney-vs-havu-bo3,de_train,23,348873,351433,364162,364167,13,9,CT,HAVU GAMING,DBL PONEY,BombDefused,32350,Full Buy,27450,Full Buy
228,Flashpoint-3-ClosedQualifier-dbl-poney-vs-havu-bo3,de_train,24,364802,367362,375734,375741,13,10,CT,HAVU GAMING,DBL PONEY,CTWin,33550,Full Buy,10850,Half Buy
229,Flashpoint-3-ClosedQualifier-dbl-poney-vs-havu-bo3,de_train,25,376376,378936,391033,391038,13,11,T,DBL PONEY,HAVU GAMING,TargetBombed,34400,Full Buy,24300,Full Buy
230,Flashpoint-3-ClosedQualifier-dbl-poney-vs-havu-bo3,de_train,26,391673,394233,403594,403601,14,11,T,DBL PONEY,HAVU GAMING,TerroristsWin,31150,Full Buy,27750,Full Buy
231,Flashpoint-3-ClosedQualifier-dbl-poney-vs-havu-bo3,de_train,27,404236,428647,428647,428647,15,11,T,DBL PONEY,HAVU GAMING,TerroristsWin,12800,Half Buy,27750,Full Buy
232,Flashpoint-3-ClosedQualifier-dbl-poney-vs-havu-bo3,de_dust2,1,5244,22270,28901,28903,0,0,CT,HAVU GAMING,DBL PONEY,CTWin,4400,Pistol,4450,Pistol
233,Flashpoint-3-ClosedQualifier-dbl-poney-vs-havu-bo3,de_dust2,2,29543,32103,45447,45448,0,1,T,DBL PONEY,HAVU GAMING,TerroristsWin,20700,Half Buy,10800,Half Buy
234,Flashpoint-3-ClosedQualifier-dbl-poney-vs-havu-bo3,de_dust2,3,46088,48648,65106,65106,1,1,T,DBL PONEY,HAVU GAMING,TargetBombed,9300,Half Buy,21800,Full Buy
235,Flashpoint-3-ClosedQualifier-dbl-poney-vs-havu-bo3,de_dust2,4,65746,68306,77598,77598,2,1,T,DBL PONEY,HAVU GAMING,TargetBombed,2750,Eco,23200,Full Buy
236,Flashpoint-3-ClosedQualifier-dbl-poney-vs-havu-bo3,de_dust2,5,78238,80798,93367,93368,3,1,T,DBL PONEY,HAVU GAMING,TerroristsWin,27000,Full Buy,25350,Full Buy
237,Flashpoint-3-ClosedQualifier-dbl-poney-vs-havu-bo3,de_dust2,6,94008,96568,111288,111288,4,1,CT,HAVU GAMING,DBL PONEY,TargetSaved,8100,Half Buy,27850,Full Buy
238,Flashpoint-3-ClosedQualifier-dbl-poney-vs-havu-bo3,de_dust2,7,111928,114488,124314,124314,4,2,T,DBL PONEY,HAVU GAMING,TargetBombed,30700,Full Buy,26850,Full Buy
239,Flashpoint-3-ClosedQualifier-dbl-poney-vs-havu-bo3,de_dust2,8,124954,127514,136860,136862,5,2,CT,HAVU GAMING,DBL PONEY,CTWin,28500,Full Buy,27750,Full Buy
240,Flashpoint-3-ClosedQualifier-dbl-poney-vs-havu-bo3,de_dust2,9,137502,140062,157548,157548,5,3,CT,HAVU GAMING,DBL PONEY,BombDefused,31650,Full Buy,26150,Full Buy
241,Flashpoint-3-ClosedQualifier-dbl-poney-vs-havu-bo3,de_dust2,10,158188,160748,167445,167447,5,4,CT,HAVU GAMING,DBL PONEY,CTWin,31250,Full Buy,10050,Half Buy
242,Flashpoint-3-ClosedQualifier-dbl-poney-vs-havu-bo3,de_dust2,11,168087,170647,181750,181752,5,5,CT,HAVU GAMING,DBL PONEY,CTWin,31850,Full Buy,25000,Full Buy
243,Flashpoint-3-ClosedQualifier-dbl-poney-vs-havu-bo3,de_dust2,12,182392,184952,194823,194824,5,6,T,DBL PONEY,HAVU GAMING,TerroristsWin,31550,Full Buy,8300,Half Buy
244,Flashpoint-3-ClosedQualifier-dbl-poney-vs-havu-bo3,de_dust2,13,195464,198024,216522,216523,6,6,T,DBL PONEY,HAVU GAMING,TerroristsWin,29450,Full Buy,28600,Full Buy
245,Flashpoint-3-ClosedQualifier-dbl-poney-vs-havu-bo3,de_dust2,14,217163,219723,226388,226388,7,6,T,DBL PONEY,HAVU GAMING,TerroristsWin,1900,Full Eco,27450,Full Buy
246,Flashpoint-3-ClosedQualifier-dbl-poney-vs-havu-bo3,de_dust2,15,227028,229588,241909,243189,8,6,T,DBL PONEY,HAVU GAMING,TerroristsWin,22300,Full Buy,28750,Full Buy
247,Flashpoint-3-ClosedQualifier-dbl-poney-vs-havu-bo3,de_dust2,16,243829,247944,256417,256419,6,9,CT,DBL PONEY,HAVU GAMING,CTWin,4400,Pistol,4450,Pistol
248,Flashpoint-3-ClosedQualifier-dbl-poney-vs-havu-bo3,de_dust2,17,257059,259619,263330,263331,6,10,CT,DBL PONEY,HAVU GAMING,CTWin,20100,Half Buy,3100,Eco
249,Flashpoint-3-ClosedQualifier-dbl-poney-vs-havu-bo3,de_dust2,18,263971,272927,283554,283556,6,11,CT,DBL PONEY,HAVU GAMING,CTWin,25600,Full Buy,22050,Full Buy
250,Flashpoint-3-ClosedQualifier-dbl-poney-vs-havu-bo3,de_dust2,19,284196,286756,290324,290325,6,12,CT,DBL PONEY,HAVU GAMING,CTWin,30700,Full Buy,7900,Half Buy
251,Flashpoint-3-ClosedQualifier-dbl-poney-vs-havu-bo3,de_dust2,20,290965,293525,304278,304278,6,13,T,HAVU GAMING,DBL PONEY,TargetBombed,31800,Full Buy,25950,Full Buy
252,Flashpoint-3-ClosedQualifier-dbl-poney-vs-havu-bo3,de_dust2,21,304918,307478,326314,326314,7,13,T,HAVU GAMING,DBL PONEY,TargetBombed,32850,Full Buy,27450,Full Buy
253,Flashpoint-3-ClosedQualifier-dbl-poney-vs-havu-bo3,de_dust2,22,326954,329514,347239,347239,8,13,CT,DBL PONEY,HAVU GAMING,BombDefused,30200,Full Buy,27350,Full Buy
254,Flashpoint-3-ClosedQualifier-dbl-poney-vs-havu-bo3,de_dust2,23,347879,350439,359328,359330,8,14,CT,DBL PONEY,HAVU GAMING,CTWin,31550,Full Buy,27050,Full Buy
255,Flashpoint-3-ClosedQualifier-dbl-poney-vs-havu-bo3,de_dust2,24,359970,362530,374646,374647,8,15,T,HAVU GAMING,DBL PONEY,TerroristsWin,31700,Full Buy,25550,Full Buy
256,Flashpoint-3-ClosedQualifier-dbl-poney-vs-havu-bo3,de_dust2,25,375287,383300,397099,397100,9,15,T,HAVU GAMING,DBL PONEY,TerroristsWin,25250,Full Buy,26650,Full Buy
257,Flashpoint-3-ClosedQualifier-dbl-poney-vs-havu-bo3,de_dust2,26,397740,405827,409845,409847,10,15,T,HAVU GAMING,DBL PONEY,TerroristsWin,2200,Eco,24200,Full Buy
258,Flashpoint-3-ClosedQualifier-dbl-poney-vs-havu-bo3,de_dust2,27,410487,413047,425727,425730,11,15,T,HAVU GAMING,DBL PONEY,TerroristsWin,7250,Half Buy,28200,Full Buy
259,Flashpoint-3-ClosedQualifier-dbl-poney-vs-havu-bo3,de_dust2,28,426370,428930,443345,443345,12,15,T,HAVU GAMING,DBL PONEY,TargetBombed,29600,Full Buy,26950,Full Buy
260,Flashpoint-3-ClosedQualifier-dbl-poney-vs-havu-bo3,de_dust2,29,443985,446545,460202,460203,13,15,T,HAVU GAMING,DBL PONEY,TerroristsWin,29700,Full Buy,27050,Full Buy
261,Flashpoint-3-ClosedQualifier-dbl-poney-vs-havu-bo3,de_dust2,30,460843,468790,484897,486177,14,15,T,HAVU GAMING,DBL PONEY,TerroristsWin,21750,Half Buy,38800,Full Buy
262,Flashpoint-3-ClosedQualifier-dbl-poney-vs-havu-bo3,de_dust2,31,486817,501756,515731,515733,15,15,T,HAVU GAMING,DBL PONEY,TerroristsWin,34450,Full Buy,37050,Full Buy
263,Flashpoint-3-ClosedQualifier-dbl-poney-vs-havu-bo3,de_dust2,32,516373,518933,536017,536016,16,15,T,HAVU GAMING,DBL PONEY,TerroristsWin,34350,Full Buy,37550,Full Buy
264,Flashpoint-3-ClosedQualifier-dbl-poney-vs-havu-bo3,de_dust2,33,536656,539216,553021,554301,17,15,CT,DBL PONEY,HAVU GAMING,BombDefused,32300,Full Buy,40000,Full Buy
265,Flashpoint-3-ClosedQualifier-dbl-poney-vs-havu-bo3,de_dust2,34,554941,557501,566915,566916,17,16,T,DBL PONEY,HAVU GAMING,TerroristsWin,33800,Full Buy,37750,Full Buy
266,Flashpoint-3-ClosedQualifier-dbl-poney-vs-havu-bo3,de_dust2,35,567556,570116,584836,584836,18,16,CT,HAVU GAMING,DBL PONEY,TargetSaved,33800,Full Buy,47900,Full Buy
267,Flashpoint-3-ClosedQualifier-dbl-poney-vs-havu-bo3,de_dust2,36,585476,588036,602669,603949,18,17,T,DBL PONEY,HAVU GAMING,TerroristsWin,37400,Full Buy,26400,Full Buy
268,Flashpoint-3-ClosedQualifier-dbl-poney-vs-havu-bo3,de_dust2,37,604589,607149,622734,622734,19,17,CT,HAVU GAMING,DBL PONEY,BombDefused,33800,Full Buy,37450,Full Buy
269,Flashpoint-3-ClosedQualifier-dbl-poney-vs-havu-bo3,de_dust2,38,623374,625934,635538,635537,19,18,T,DBL PONEY,HAVU GAMING,TerroristsWin,34600,Full Buy,32450,Full Buy
270,Flashpoint-3-ClosedQualifier-dbl-poney-vs-havu-bo3,de_dust2,39,636177,638737,645542,646822,20,18,T,DBL PONEY,HAVU GAMING,TerroristsWin,34050,Full Buy,31300,Full Buy
271,Flashpoint-3-ClosedQualifier-dbl-poney-vs-havu-bo3,de_dust2,40,647462,650022,664467,664468,21,18,T,HAVU GAMING,DBL PONEY,TerroristsWin,35000,Full Buy,37250,Full Buy
272,Flashpoint-3-ClosedQualifier-dbl-poney-vs-havu-bo3,de_dust2,41,665108,667668,680993,680994,22,18,CT,DBL PONEY,HAVU GAMING,CTWin,33950,Full Buy,38300,Full Buy
273,Flashpoint-3-ClosedQualifier-dbl-poney-vs-havu-bo3,de_dust2,42,681634,697514,697514,697514,22,19,CT,DBL PONEY,HAVU GAMING,CTWin,35600,Full Buy,33250,Full Buy
274,DreamHack-Masters-Spring-2021-astralis-vs-complexity-bo3,de_inferno,1,1150,3710,12332,12339,0,0,T,Astralis,Complexity,TerroristsWin,4300,Pistol,4450,Pistol
275,DreamHack-Masters-Spring-2021-astralis-vs-complexity-bo3,de_inferno,2,12974,15534,28741,28746,1,0,CT,Complexity,Astralis,CTWin,10150,Half Buy,18450,Half Buy
276,DreamHack-Masters-Spring-2021-astralis-vs-complexity-bo3,de_inferno,3,29381,31941,44348,44353,1,1,CT,Complexity,Astralis,BombDefused,24250,Full Buy,9400,Half Buy
277,DreamHack-Masters-Spring-2021-astralis-vs-complexity-bo3,de_inferno,4,44988,47548,52388,52393,1,2,CT,Complexity,Astralis,CTWin,31700,Full Buy,5600,Eco
278,DreamHack-Masters-Spring-2021-astralis-vs-complexity-bo3,de_inferno,5,53028,55588,70522,70528,1,3,T,Astralis,Complexity,TerroristsWin,31350,Full Buy,24600,Full Buy
279,DreamHack-Masters-Spring-2021-astralis-vs-complexity-bo3,de_inferno,6,71163,79833,94575,94580,2,3,T,Astralis,Complexity,TerroristsWin,10750,Half Buy,26050,Full Buy
280,DreamHack-Masters-Spring-2021-astralis-vs-complexity-bo3,de_inferno,7,95215,97775,108175,108181,3,3,T,Astralis,Complexity,TerroristsWin,2700,Eco,27150,Full Buy
281,DreamHack-Masters-Spring-2021-astralis-vs-complexity-bo3,de_inferno,8,108816,111376,122537,122542,4,3,T,Astralis,Complexity,TargetBombed,26850,Full Buy,27750,Full Buy
282,DreamHack-Masters-Spring-2021-astralis-vs-complexity-bo3,de_inferno,9,123177,125737,139341,139346,5,3,T,Astralis,Complexity,TargetBombed,15450,Half Buy,27650,Full Buy
283,DreamHack-Masters-Spring-2021-astralis-vs-complexity-bo3,de_inferno,10,139981,146687,156967,156972,6,3,T,Astralis,Complexity,TargetBombed,30250,Full Buy,28200,Full Buy
284,DreamHack-Masters-Spring-2021-astralis-vs-complexity-bo3,de_inferno,11,157607,160167,176444,176449,7,3,T,Astralis,Complexity,TargetBombed,31800,Full Buy,28350,Full Buy
285,DreamHack-Masters-Spring-2021-astralis-vs-complexity-bo3,de_inferno,12,177084,183908,197460,197466,8,3,CT,Complexity,Astralis,CTWin,31400,Full Buy,29850,Full Buy
286,DreamHack-Masters-Spring-2021-astralis-vs-complexity-bo3,de_inferno,13,198101,205273,215552,215557,8,4,T,Astralis,Complexity,TargetBombed,30900,Full Buy,28050,Full Buy
287,DreamHack-Masters-Spring-2021-astralis-vs-complexity-bo3,de_inferno,14,216192,218752,228520,228527,9,4,CT,Complexity,Astralis,CTWin,27650,Full Buy,29050,Full Buy
288,DreamHack-Masters-Spring-2021-astralis-vs-complexity-bo3,de_inferno,15,229162,231722,237372,236993,9,5,T,Astralis,Complexity,TerroristsWin,24450,Full Buy,30650,Full Buy
289,DreamHack-Masters-Spring-2021-astralis-vs-complexity-bo3,de_inferno,16,237628,264228,274184,274190,5,10,T,Complexity,Astralis,TerroristsWin,4400,Pistol,4350,Pistol
290,DreamHack-Masters-Spring-2021-astralis-vs-complexity-bo3,de_inferno,17,274825,277385,288299,288304,6,10,T,Complexity,Astralis,TerroristsWin,10750,Half Buy,19850,Full Buy
291,DreamHack-Masters-Spring-2021-astralis-vs-complexity-bo3,de_inferno,18,288939,291499,297052,297057,7,10,T,Complexity,Astralis,TerroristsWin,1700,Full Eco,23650,Full Buy
292,DreamHack-Masters-Spring-2021-astralis-vs-complexity-bo3,de_inferno,19,297692,300252,317144,317149,8,10,CT,Astralis,Complexity,BombDefused,28500,Full Buy,26600,Full Buy
293,DreamHack-Masters-Spring-2021-astralis-vs-complexity-bo3,de_inferno,20,317784,325976,335980,335986,8,11,CT,Astralis,Complexity,CTWin,25650,Full Buy,24600,Full Buy
294,DreamHack-Masters-Spring-2021-astralis-vs-complexity-bo3,de_inferno,21,336621,339181,346651,346657,8,12,CT,Astralis,Complexity,CTWin,28550,Full Buy,3350,Eco
295,DreamHack-Masters-Spring-2021-astralis-vs-complexity-bo3,de_inferno,22,347292,349852,360825,360830,8,13,T,Complexity,Astralis,TargetBombed,30550,Full Buy,23900,Full Buy
296,DreamHack-Masters-Spring-2021-astralis-vs-complexity-bo3,de_inferno,23,361465,364025,374460,374465,9,13,T,Complexity,Astralis,TargetBombed,28200,Full Buy,24000,Full Buy
297,DreamHack-Masters-Spring-2021-astralis-vs-complexity-bo3,de_inferno,24,375100,377660,391942,391947,10,13,T,Complexity,Astralis,TargetBombed,12500,Half Buy,27850,Full Buy
298,DreamHack-Masters-Spring-2021-astralis-vs-complexity-bo3,de_inferno,25,392582,395142,409421,409428,11,13,CT,Astralis,Complexity,CTWin,28500,Full Buy,28150,Full Buy
299,DreamHack-Masters-Spring-2021-astralis-vs-complexity-bo3,de_inferno,26,410063,417893,434432,434437,11,14,T,Complexity,Astralis,TargetBombed,29450,Full Buy,16950,Half Buy
300,DreamHack-Masters-Spring-2021-astralis-vs-complexity-bo3,de_inferno,27,435072,437632,453252,453257,12,14,CT,Astralis,Complexity,BombDefused,29800,Full Buy,23750,Full Buy
301,DreamHack-Masters-Spring-2021-astralis-vs-complexity-bo3,de_inferno,28,453892,456452,466693,466698,12,15,T,Complexity,Astralis,TargetBombed,30700,Full Buy,20750,Full Buy
302,DreamHack-Masters-Spring-2021-astralis-vs-complexity-bo3,de_inferno,29,467333,474213,485324,485329,13,15,T,Complexity,Astralis,TargetBombed,26500,Full Buy,26100,Full Buy
303,DreamHack-Masters-Spring-2021-astralis-vs-complexity-bo3,de_inferno,30,485964,488524,498168,497789,14,15,T,Complexity,Astralis,TerroristsWin,18650,Half Buy,29250,Full Buy
304,DreamHack-Masters-Spring-2021-astralis-vs-complexity-bo3,de_inferno,31,532103,536634,549996,550001,15,15,CT,Astralis,Complexity,BombDefused,32950,Full Buy,27850,Full Buy
305,DreamHack-Masters-Spring-2021-astralis-vs-complexity-bo3,de_inferno,32,550636,553196,562109,562117,15,16,T,Complexity,Astralis,TerroristsWin,34050,Full Buy,28250,Full Buy
306,DreamHack-Masters-Spring-2021-astralis-vs-complexity-bo3,de_inferno,33,562752,565312,578830,578451,16,16,T,Complexity,Astralis,TerroristsWin,38000,Full Buy,29400,Full Buy
307,DreamHack-Masters-Spring-2021-astralis-vs-complexity-bo3,de_inferno,34,579086,581912,592134,592140,17,16,T,Astralis,Complexity,TerroristsWin,32300,Full Buy,28650,Full Buy
308,DreamHack-Masters-Spring-2021-astralis-vs-complexity-bo3,de_inferno,35,592775,595335,604837,604841,18,16,CT,Complexity,Astralis,CTWin,32750,Full Buy,28850,Full Buy
309,DreamHack-Masters-Spring-2021-astralis-vs-complexity-bo3,de_inferno,36,605476,608036,622732,622353,18,17,T,Astralis,Complexity,TargetBombed,33150,Full Buy,39150,Full Buy
310,DreamHack-Masters-Spring-2021-astralis-vs-complexity-bo3,de_inferno,37,622988,625775,640495,640500,19,17,CT,Complexity,Astralis,TargetSaved,32600,Full Buy,28450,Full Buy
311,DreamHack-Masters-Spring-2021-astralis-vs-complexity-bo3,de_inferno,38,641135,643695,654257,654264,19,18,T,Astralis,Complexity,TerroristsWin,33650,Full Buy,28550,Full Buy
312,DreamHack-Masters-Spring-2021-astralis-vs-complexity-bo3,de_inferno,39,654899,657459,667569,667190,20,18,T,Astralis,Complexity,TerroristsWin,33050,Full Buy,29250,Full Buy
313,DreamHack-Masters-Spring-2021-astralis-vs-complexity-bo3,de_inferno,40,667825,670516,684435,684442,21,18,CT,Astralis,Complexity,CTWin,32900,Full Buy,27850,Full Buy
314,DreamHack-Masters-Spring-2021-astralis-vs-complexity-bo3,de_inferno,41,685077,690782,690782,705508,21,19,CT,Astralis,Complexity,CTWin,34650,Full Buy,29450,Full Buy
315,DreamHack-Masters-Spring-2021-astralis-vs-complexity-bo3,de_vertigo,1,0,0,1150,1155,0,0,CT,Astralis,Complexity,TargetSaved,492600,Pistol,348450,Pistol
316,DreamHack-Masters-Spring-2021-astralis-vs-complexity-bo3,de_vertigo,2,8791,11351,23258,23265,0,1,CT,Astralis,Complexity,CTWin,21300,Half Buy,11500,Half Buy
317,DreamHack-Masters-Spring-2021-astralis-vs-complexity-bo3,de_vertigo,3,23900,26460,31427,31433,0,2,CT,Astralis,Complexity,CTWin,22700,Full Buy,2400,Eco
318,DreamHack-Masters-Spring-2021-astralis-vs-complexity-bo3,de_vertigo,4,32068,34628,45483,45489,0,3,T,Complexity,Astralis,TerroristsWin,24300,Full Buy,25100,Full Buy
319,DreamHack-Masters-Spring-2021-astralis-vs-complexity-bo3,de_vertigo,5,46124,48684,60700,60707,1,3,CT,Astralis,Complexity,CTWin,30400,Full Buy,23950,Full Buy
320,DreamHack-Masters-Spring-2021-astralis-vs-complexity-bo3,de_vertigo,6,61342,67742,81473,81480,1,4,T,Complexity,Astralis,TerroristsWin,30750,Full Buy,8300,Half Buy
321,DreamHack-Masters-Spring-2021-astralis-vs-complexity-bo3,de_vertigo,7,82115,84675,100431,100436,2,4,T,Complexity,Astralis,TargetBombed,12450,Half Buy,26100,Full Buy
322,DreamHack-Masters-Spring-2021-astralis-vs-complexity-bo3,de_vertigo,8,101071,103631,113519,113525,3,4,T,Complexity,Astralis,TerroristsWin,2000,Eco,25800,Full Buy
323,DreamHack-Masters-Spring-2021-astralis-vs-complexity-bo3,de_vertigo,9,114160,116720,127307,127312,4,4,T,Complexity,Astralis,TargetBombed,25150,Full Buy,25700,Full Buy
324,DreamHack-Masters-Spring-2021-astralis-vs-complexity-bo3,de_vertigo,10,127947,130507,147082,147087,5,4,T,Complexity,Astralis,TargetBombed,10900,Half Buy,25600,Full Buy
325,DreamHack-Masters-Spring-2021-astralis-vs-complexity-bo3,de_vertigo,11,147722,154968,162102,162107,6,4,CT,Astralis,Complexity,CTWin,28050,Full Buy,24400,Full Buy
326,DreamHack-Masters-Spring-2021-astralis-vs-complexity-bo3,de_vertigo,12,162742,165302,177902,177908,6,5,CT,Astralis,Complexity,CTWin,28700,Full Buy,25600,Full Buy
327,DreamHack-Masters-Spring-2021-astralis-vs-complexity-bo3,de_vertigo,13,178543,181103,193981,193986,6,6,CT,Astralis,Complexity,CTWin,32100,Full Buy,25300,Full Buy
328,DreamHack-Masters-Spring-2021-astralis-vs-complexity-bo3,de_vertigo,14,194621,201622,211070,211076,6,7,CT,Astralis,Complexity,CTWin,30550,Full Buy,23900,Full Buy
329,DreamHack-Masters-Spring-2021-astralis-vs-complexity-bo3,de_vertigo,15,211711,214271,217699,217320,6,8,CT,Astralis,Complexity,CTWin,35450,Full Buy,16300,Half Buy
330,DreamHack-Masters-Spring-2021-astralis-vs-complexity-bo3,de_vertigo,16,217955,251666,264629,264637,9,6,CT,Complexity,Astralis,CTWin,4300,Pistol,4300,Pistol
331,DreamHack-Masters-Spring-2021-astralis-vs-complexity-bo3,de_vertigo,17,265272,267832,285913,285918,9,7,T,Astralis,Complexity,TargetBombed,19850,Half Buy,11600,Half Buy
332,DreamHack-Masters-Spring-2021-astralis-vs-complexity-bo3,de_vertigo,18,286553,293359,307733,307739,10,7,T,Astralis,Complexity,TerroristsWin,10350,Half Buy,19650,Full Buy
333,DreamHack-Masters-Spring-2021-astralis-vs-complexity-bo3,de_vertigo,19,308374,310934,319084,319088,11,7,T,Astralis,Complexity,TerroristsWin,1300,Full Eco,23800,Full Buy
334,DreamHack-Masters-Spring-2021-astralis-vs-complexity-bo3,de_vertigo,20,319723,322283,341095,341100,12,7,T,Astralis,Complexity,TargetBombed,26700,Full Buy,24900,Full Buy
335,DreamHack-Masters-Spring-2021-astralis-vs-complexity-bo3,de_vertigo,21,341735,349080,365591,365596,13,7,T,Astralis,Complexity,TargetBombed,17800,Half Buy,27650,Full Buy
336,DreamHack-Masters-Spring-2021-astralis-vs-complexity-bo3,de_vertigo,22,366231,368791,380907,380912,14,7,CT,Complexity,Astralis,BombDefused,29250,Full Buy,27850,Full Buy
337,DreamHack-Masters-Spring-2021-astralis-vs-complexity-bo3,de_vertigo,23,381547,384107,397354,397360,14,8,CT,Complexity,Astralis,CTWin,31000,Full Buy,25700,Full Buy
338,DreamHack-Masters-Spring-2021-astralis-vs-complexity-bo3,de_vertigo,24,397995,400555,410235,410243,14,9,CT,Complexity,Astralis,CTWin,28300,Full Buy,26750,Full Buy
339,DreamHack-Masters-Spring-2021-astralis-vs-complexity-bo3,de_vertigo,25,410878,418926,427591,427597,14,10,T,Astralis,Complexity,TerroristsWin,26850,Full Buy,12050,Half Buy
340,DreamHack-Masters-Spring-2021-astralis-vs-complexity-bo3,de_vertigo,26,428232,439333,439333,454059,15,10,T,Astralis,Complexity,TerroristsWin,12750,Half Buy,28100,Full Buy
341,DreamHack-Masters-Spring-2021-spirit-vs-virtus-pro-bo3,de_inferno,1,1150,3710,10616,10617,0,0,T,Virtus.pro,Team Spirit,TerroristsWin,4550,Pistol,4400,Pistol
342,DreamHack-Masters-Spring-2021-spirit-vs-virtus-pro-bo3,de_inferno,2,11257,13817,30591,30591,1,0,T,Virtus.pro,Team Spirit,TerroristsWin,10100,Half Buy,21950,Full Buy
343,DreamHack-Masters-Spring-2021-spirit-vs-virtus-pro-bo3,de_inferno,3,31231,33791,47974,47974,2,0,CT,Team Spirit,Virtus.pro,CTWin,3850,Eco,17900,Half Buy
344,DreamHack-Masters-Spring-2021-spirit-vs-virtus-pro-bo3,de_inferno,4,48614,51174,63770,63773,2,1,CT,Team Spirit,Virtus.pro,CTWin,32150,Full Buy,1700,Full Eco
345,DreamHack-Masters-Spring-2021-spirit-vs-virtus-pro-bo3,de_inferno,5,64413,66973,81036,81036,2,2,CT,Team Spirit,Virtus.pro,CTWin,31350,Full Buy,23500,Full Buy
346,DreamHack-Masters-Spring-2021-spirit-vs-virtus-pro-bo3,de_inferno,6,81676,89633,97298,97298,2,3,CT,Team Spirit,Virtus.pro,CTWin,30950,Full Buy,2000,Eco
347,DreamHack-Masters-Spring-2021-spirit-vs-virtus-pro-bo3,de_inferno,7,97938,100498,117188,117188,2,4,CT,Team Spirit,Virtus.pro,BombDefused,30950,Full Buy,25200,Full Buy
348,DreamHack-Masters-Spring-2021-spirit-vs-virtus-pro-bo3,de_inferno,8,117828,120388,134828,134828,2,5,CT,Team Spirit,Virtus.pro,CTWin,31050,Full Buy,24100,Full Buy
349,DreamHack-Masters-Spring-2021-spirit-vs-virtus-pro-bo3,de_inferno,9,135468,142382,153172,153175,2,6,T,Virtus.pro,Team Spirit,TerroristsWin,33800,Full Buy,8600,Half Buy
350,DreamHack-Masters-Spring-2021-spirit-vs-virtus-pro-bo3,de_inferno,10,153815,156375,171095,171095,3,6,CT,Team Spirit,Virtus.pro,TargetSaved,31050,Full Buy,30650,Full Buy
351,DreamHack-Masters-Spring-2021-spirit-vs-virtus-pro-bo3,de_inferno,11,171735,174295,185181,185181,3,7,T,Virtus.pro,Team Spirit,TargetBombed,34250,Full Buy,26350,Full Buy
352,DreamHack-Masters-Spring-2021-spirit-vs-virtus-pro-bo3,de_inferno,12,185821,188381,203101,203101,4,7,CT,Team Spirit,Virtus.pro,TargetSaved,32200,Full Buy,27150,Full Buy
353,DreamHack-Masters-Spring-2021-spirit-vs-virtus-pro-bo3,de_inferno,13,203741,206301,220194,220194,4,8,T,Virtus.pro,Team Spirit,TargetBombed,31750,Full Buy,27550,Full Buy
354,DreamHack-Masters-Spring-2021-spirit-vs-virtus-pro-bo3,de_inferno,14,220834,223394,235774,235774,5,8,CT,Team Spirit,Virtus.pro,CTWin,21200,Half Buy,27450,Full Buy
355,DreamHack-Masters-Spring-2021-spirit-vs-virtus-pro-bo3,de_inferno,15,236414,238974,249188,248804,5,9,CT,Team Spirit,Virtus.pro,CTWin,28350,Full Buy,20150,Full Buy
356,DreamHack-Masters-Spring-2021-spirit-vs-virtus-pro-bo3,de_inferno,16,249444,276751,291471,291471,10,5,CT,Virtus.pro,Team Spirit,TargetSaved,4500,Pistol,4450,Pistol
357,DreamHack-Masters-Spring-2021-spirit-vs-virtus-pro-bo3,de_inferno,17,292111,300067,313776,313776,10,6,CT,Virtus.pro,Team Spirit,CTWin,18650,Half Buy,6850,Half Buy
358,DreamHack-Masters-Spring-2021-spirit-vs-virtus-pro-bo3,de_inferno,18,314416,316976,322150,322150,10,7,CT,Virtus.pro,Team Spirit,CTWin,20200,Half Buy,3300,Eco
359,DreamHack-Masters-Spring-2021-spirit-vs-virtus-pro-bo3,de_inferno,19,322790,325350,336781,336784,10,8,CT,Virtus.pro,Team Spirit,CTWin,25150,Full Buy,26150,Full Buy
360,DreamHack-Masters-Spring-2021-spirit-vs-virtus-pro-bo3,de_inferno,20,337424,339984,354313,354316,10,9,T,Team Spirit,Virtus.pro,TerroristsWin,30300,Full Buy,11300,Half Buy
361,DreamHack-Masters-Spring-2021-spirit-vs-virtus-pro-bo3,de_inferno,21,354956,357516,371664,371664,11,9,CT,Virtus.pro,Team Spirit,CTWin,30400,Full Buy,29750,Full Buy
362,DreamHack-Masters-Spring-2021-spirit-vs-virtus-pro-bo3,de_inferno,22,372304,380269,394680,394681,11,10,CT,Virtus.pro,Team Spirit,CTWin,27150,Full Buy,18550,Full Buy
363,DreamHack-Masters-Spring-2021-spirit-vs-virtus-pro-bo3,de_inferno,23,395321,397881,411130,411130,11,11,CT,Virtus.pro,Team Spirit,CTWin,25400,Full Buy,23050,Full Buy
364,DreamHack-Masters-Spring-2021-spirit-vs-virtus-pro-bo3,de_inferno,24,411770,418246,429912,429911,11,12,CT,Virtus.pro,Team Spirit,CTWin,30850,Full Buy,10050,Half Buy
365,DreamHack-Masters-Spring-2021-spirit-vs-virtus-pro-bo3,de_inferno,25,430551,433111,446203,446203,11,13,CT,Virtus.pro,Team Spirit,BombDefused,30750,Full Buy,25300,Full Buy
366,DreamHack-Masters-Spring-2021-spirit-vs-virtus-pro-bo3,de_inferno,26,446843,449403,460885,460885,11,14,CT,Virtus.pro,Team Spirit,CTWin,31250,Full Buy,24500,Full Buy
367,DreamHack-Masters-Spring-2021-spirit-vs-virtus-pro-bo3,de_inferno,27,461525,470962,470962,485683,11,15,CT,Virtus.pro,Team Spirit,CTWin,31050,Full Buy,19000,Full Buy
368,DreamHack-Masters-Spring-2021-spirit-vs-virtus-pro-bo3,de_train,1,0,0,1150,1155,0,0,CT,Virtus.pro,Team Spirit,TargetSaved,92600,Pistol,95300,Pistol
369,DreamHack-Masters-Spring-2021-spirit-vs-virtus-pro-bo3,de_train,2,14935,17495,36588,36595,0,1,T,Team Spirit,Virtus.pro,TerroristsWin,21150,Half Buy,16000,Half Buy
370,DreamHack-Masters-Spring-2021-spirit-vs-virtus-pro-bo3,de_train,3,37230,39790,54762,54767,1,1,T,Team Spirit,Virtus.pro,TerroristsWin,4400,Eco,25150,Full Buy
371,DreamHack-Masters-Spring-2021-spirit-vs-virtus-pro-bo3,de_train,4,55402,57962,62910,62918,2,1,T,Team Spirit,Virtus.pro,TerroristsWin,2400,Eco,26350,Full Buy
372,DreamHack-Masters-Spring-2021-spirit-vs-virtus-pro-bo3,de_train,5,63553,66113,80833,80838,3,1,CT,Virtus.pro,Team Spirit,TargetSaved,25800,Full Buy,29550,Full Buy
373,DreamHack-Masters-Spring-2021-spirit-vs-virtus-pro-bo3,de_train,6,81473,84033,98110,98115,3,2,T,Team Spirit,Virtus.pro,TerroristsWin,29850,Full Buy,28050,Full Buy
374,DreamHack-Masters-Spring-2021-spirit-vs-virtus-pro-bo3,de_train,7,98750,107219,118517,118524,4,2,CT,Virtus.pro,Team Spirit,CTWin,17150,Half Buy,27650,Full Buy
375,DreamHack-Masters-Spring-2021-spirit-vs-virtus-pro-bo3,de_train,8,119159,121719,131641,131649,4,3,CT,Virtus.pro,Team Spirit,CTWin,28800,Full Buy,26750,Full Buy
376,DreamHack-Masters-Spring-2021-spirit-vs-virtus-pro-bo3,de_train,9,132284,134844,153217,153222,4,4,CT,Virtus.pro,Team Spirit,BombDefused,25950,Full Buy,3800,Eco
377,DreamHack-Masters-Spring-2021-spirit-vs-virtus-pro-bo3,de_train,10,153857,156417,172717,172722,4,5,CT,Virtus.pro,Team Spirit,BombDefused,32300,Full Buy,26000,Full Buy
378,DreamHack-Masters-Spring-2021-spirit-vs-virtus-pro-bo3,de_train,11,173357,175917,187789,187797,4,6,CT,Virtus.pro,Team Spirit,CTWin,27200,Full Buy,24650,Full Buy
379,DreamHack-Masters-Spring-2021-spirit-vs-virtus-pro-bo3,de_train,12,188432,190992,200958,200966,4,7,CT,Virtus.pro,Team Spirit,CTWin,25200,Full Buy,12400,Half Buy
380,DreamHack-Masters-Spring-2021-spirit-vs-virtus-pro-bo3,de_train,13,201601,204161,220481,220486,4,8,CT,Virtus.pro,Team Spirit,BombDefused,30150,Full Buy,26750,Full Buy
381,DreamHack-Masters-Spring-2021-spirit-vs-virtus-pro-bo3,de_train,14,221121,223681,232455,232459,4,9,CT,Virtus.pro,Team Spirit,CTWin,32900,Full Buy,24100,Full Buy
382,DreamHack-Masters-Spring-2021-spirit-vs-virtus-pro-bo3,de_train,15,233094,240812,250117,249738,4,10,T,Team Spirit,Virtus.pro,TerroristsWin,35650,Full Buy,19350,Full Buy
383,DreamHack-Masters-Spring-2021-spirit-vs-virtus-pro-bo3,de_train,16,250373,275094,284904,284910,10,5,T,Virtus.pro,Team Spirit,TerroristsWin,4300,Pistol,4450,Pistol
384,DreamHack-Masters-Spring-2021-spirit-vs-virtus-pro-bo3,de_train,17,285545,288105,300738,300743,11,5,T,Virtus.pro,Team Spirit,TargetBombed,10350,Half Buy,21600,Full Buy
385,DreamHack-Masters-Spring-2021-spirit-vs-virtus-pro-bo3,de_train,18,301378,303938,317540,317544,12,5,T,Virtus.pro,Team Spirit,TerroristsWin,4750,Eco,20550,Full Buy
386,DreamHack-Masters-Spring-2021-spirit-vs-virtus-pro-bo3,de_train,19,318179,320739,335459,335464,13,5,CT,Team Spirit,Virtus.pro,TargetSaved,29950,Full Buy,22300,Full Buy
387,DreamHack-Masters-Spring-2021-spirit-vs-virtus-pro-bo3,de_train,20,336099,351376,361583,361588,13,6,CT,Team Spirit,Virtus.pro,BombDefused,31350,Full Buy,4500,Eco
388,DreamHack-Masters-Spring-2021-spirit-vs-virtus-pro-bo3,de_train,21,362223,364783,383144,383148,13,7,T,Virtus.pro,Team Spirit,TerroristsWin,31550,Full Buy,26150,Full Buy
389,DreamHack-Masters-Spring-2021-spirit-vs-virtus-pro-bo3,de_train,22,383783,391825,409453,409458,14,7,T,Virtus.pro,Team Spirit,TargetBombed,32550,Full Buy,23050,Full Buy
390,DreamHack-Masters-Spring-2021-spirit-vs-virtus-pro-bo3,de_train,23,410093,412653,427135,427143,15,7,CT,Team Spirit,Virtus.pro,CTWin,23500,Full Buy,24450,Full Buy
391,DreamHack-Masters-Spring-2021-spirit-vs-virtus-pro-bo3,de_train,24,427778,430338,443324,443331,15,8,CT,Team Spirit,Virtus.pro,CTWin,26850,Full Buy,7500,Half Buy
392,DreamHack-Masters-Spring-2021-spirit-vs-virtus-pro-bo3,de_train,25,443966,446526,455665,455669,15,9,CT,Team Spirit,Virtus.pro,CTWin,34250,Full Buy,1600,Full Eco
393,DreamHack-Masters-Spring-2021-spirit-vs-virtus-pro-bo3,de_train,26,456304,463627,477009,477017,15,10,CT,Team Spirit,Virtus.pro,CTWin,31550,Full Buy,26200,Full Buy
394,DreamHack-Masters-Spring-2021-spirit-vs-virtus-pro-bo3,de_train,27,477652,492196,492196,506922,15,11,T,Virtus.pro,Team Spirit,TerroristsWin,31350,Full Buy,7600,Half Buy
395,REPUBLEAGUE-TIPOS-Season1-sinners-vs-forze-bo3,de_inferno,1,0,0,4556,4561,0,0,T,Sinners,forZe,TerroristsWin,4400,Pistol,4300,Pistol
396,REPUBLEAGUE-TIPOS-Season1-sinners-vs-forze-bo3,de_inferno,2,5196,12102,23542,23547,1,0,T,Sinners,forZe,TargetBombed,11050,Half Buy,20350,Full Buy
397,REPUBLEAGUE-TIPOS-Season1-sinners-vs-forze-bo3,de_inferno,3,24182,26486,32412,32419,2,0,CT,forZe,Sinners,CTWin,10700,Half Buy,22000,Full Buy
398,REPUBLEAGUE-TIPOS-Season1-sinners-vs-forze-bo3,de_inferno,4,33054,35358,53557,53562,2,1,T,Sinners,forZe,TargetBombed,30050,Full Buy,23850,Full Buy
399,REPUBLEAGUE-TIPOS-Season1-sinners-vs-forze-bo3,de_inferno,5,54197,56501,67915,67919,3,1,T,Sinners,forZe,TerroristsWin,25400,Full Buy,25200,Full Buy
400,REPUBLEAGUE-TIPOS-Season1-sinners-vs-forze-bo3,de_inferno,6,68554,70858,86598,86603,4,1,T,Sinners,forZe,TargetBombed,7100,Half Buy,26300,Full Buy
401,REPUBLEAGUE-TIPOS-Season1-sinners-vs-forze-bo3,de_inferno,7,87238,89542,99404,99409,5,1,T,Sinners,forZe,TargetBombed,26600,Full Buy,28150,Full Buy
402,REPUBLEAGUE-TIPOS-Season1-sinners-vs-forze-bo3,de_inferno,8,100044,102348,118796,118801,6,1,T,Sinners,forZe,TargetBombed,11700,Half Buy,27750,Full Buy
403,REPUBLEAGUE-TIPOS-Season1-sinners-vs-forze-bo3,de_inferno,9,119436,121740,138505,138512,7,1,T,Sinners,forZe,TerroristsWin,30200,Full Buy,27750,Full Buy
404,REPUBLEAGUE-TIPOS-Season1-sinners-vs-forze-bo3,de_inferno,10,139147,141451,153308,153315,8,1,T,Sinners,forZe,TerroristsWin,22750,Full Buy,28600,Full Buy
405,REPUBLEAGUE-TIPOS-Season1-sinners-vs-forze-bo3,de_inferno,11,153950,156254,173894,173899,9,1,CT,forZe,Sinners,BombDefused,21750,Half Buy,28700,Full Buy
406,REPUBLEAGUE-TIPOS-Season1-sinners-vs-forze-bo3,de_inferno,12,174534,176838,185736,185741,9,2,CT,forZe,Sinners,CTWin,24750,Full Buy,24400,Full Buy
407,REPUBLEAGUE-TIPOS-Season1-sinners-vs-forze-bo3,de_inferno,13,186376,188680,191326,191331,9,3,CT,forZe,Sinners,CTWin,32300,Full Buy,10900,Half Buy
408,REPUBLEAGUE-TIPOS-Season1-sinners-vs-forze-bo3,de_inferno,14,191966,194270,209509,209514,9,4,CT,forZe,Sinners,BombDefused,34100,Full Buy,23500,Full Buy
409,REPUBLEAGUE-TIPOS-Season1-sinners-vs-forze-bo3,de_inferno,15,210149,212453,217621,219250,9,5,T,Sinners,forZe,TerroristsWin,40450,Full Buy,21200,Full Buy
410,REPUBLEAGUE-TIPOS-Season1-sinners-vs-forze-bo3,de_inferno,16,219885,222189,233702,233709,5,10,CT,Sinners,forZe,CTWin,4350,Pistol,4300,Pistol
411,REPUBLEAGUE-TIPOS-Season1-sinners-vs-forze-bo3,de_inferno,17,234344,236648,247984,247991,5,11,CT,Sinners,forZe,CTWin,21400,Half Buy,11300,Half Buy
412,REPUBLEAGUE-TIPOS-Season1-sinners-vs-forze-bo3,de_inferno,18,248626,250930,254199,254206,5,12,CT,Sinners,forZe,CTWin,18150,Half Buy,12300,Half Buy
413,REPUBLEAGUE-TIPOS-Season1-sinners-vs-forze-bo3,de_inferno,19,254841,257145,268693,268698,5,13,CT,Sinners,forZe,BombDefused,29100,Full Buy,17150,Half Buy
414,REPUBLEAGUE-TIPOS-Season1-sinners-vs-forze-bo3,de_inferno,20,269333,271637,282571,282575,5,14,CT,Sinners,forZe,CTWin,30600,Full Buy,24250,Full Buy
415,REPUBLEAGUE-TIPOS-Season1-sinners-vs-forze-bo3,de_inferno,21,283210,298498,298498,298498,5,15,CT,Sinners,forZe,BombDefused,15700,Half Buy,3550,Eco
416,REPUBLEAGUE-TIPOS-Season1-sinners-vs-forze-bo3,de_mirage,1,0,0,4340,4341,0,0,CT,Sinners,forZe,CTWin,4450,Pistol,4300,Pistol
417,REPUBLEAGUE-TIPOS-Season1-sinners-vs-forze-bo3,de_mirage,2,4981,7285,20735,20735,0,1,T,forZe,Sinners,TerroristsWin,19700,Half Buy,11150,Half Buy
418,REPUBLEAGUE-TIPOS-Season1-sinners-vs-forze-bo3,de_mirage,3,21375,23679,29471,29471,1,1,T,forZe,Sinners,TerroristsWin,11700,Half Buy,22800,Full Buy
419,REPUBLEAGUE-TIPOS-Season1-sinners-vs-forze-bo3,de_mirage,4,30111,32415,40612,40612,2,1,T,forZe,Sinners,TargetBombed,1200,Full Eco,23100,Full Buy
420,REPUBLEAGUE-TIPOS-Season1-sinners-vs-forze-bo3,de_mirage,5,41252,43556,57163,57163,3,1,T,forZe,Sinners,TargetBombed,25700,Full Buy,26750,Full Buy
421,REPUBLEAGUE-TIPOS-Season1-sinners-vs-forze-bo3,de_mirage,6,57803,60107,72619,72620,4,1,CT,Sinners,forZe,CTWin,27950,Full Buy,27950,Full Buy
422,REPUBLEAGUE-TIPOS-Season1-sinners-vs-forze-bo3,de_mirage,7,73260,75564,89172,89172,4,2,T,forZe,Sinners,TerroristsWin,31250,Full Buy,23650,Full Buy
423,REPUBLEAGUE-TIPOS-Season1-sinners-vs-forze-bo3,de_mirage,8,89812,92116,105838,105841,5,2,CT,Sinners,forZe,CTWin,10750,Half Buy,26750,Full Buy
424,REPUBLEAGUE-TIPOS-Season1-sinners-vs-forze-bo3,de_mirage,9,106481,108785,119386,119386,5,3,CT,Sinners,forZe,BombDefused,33200,Full Buy,12500,Half Buy
425,REPUBLEAGUE-TIPOS-Season1-sinners-vs-forze-bo3,de_mirage,10,120026,122330,126843,126843,5,4,CT,Sinners,forZe,CTWin,31850,Full Buy,6550,Half Buy
426,REPUBLEAGUE-TIPOS-Season1-sinners-vs-forze-bo3,de_mirage,11,127483,129787,142502,142504,5,5,CT,Sinners,forZe,CTWin,32350,Full Buy,22250,Full Buy
427,REPUBLEAGUE-TIPOS-Season1-sinners-vs-forze-bo3,de_mirage,12,143144,145448,152355,152355,5,6,CT,Sinners,forZe,CTWin,32150,Full Buy,8400,Half Buy
428,REPUBLEAGUE-TIPOS-Season1-sinners-vs-forze-bo3,de_mirage,13,152995,155299,173574,173574,5,7,CT,Sinners,forZe,BombDefused,33050,Full Buy,24700,Full Buy
429,REPUBLEAGUE-TIPOS-Season1-sinners-vs-forze-bo3,de_mirage,14,174214,181464,189374,189376,5,8,CT,Sinners,forZe,CTWin,31950,Full Buy,24400,Full Buy
430,REPUBLEAGUE-TIPOS-Season1-sinners-vs-forze-bo3,de_mirage,15,190016,192320,203502,204982,5,9,CT,Sinners,forZe,BombDefused,34600,Full Buy,18950,Full Buy
431,REPUBLEAGUE-TIPOS-Season1-sinners-vs-forze-bo3,de_mirage,16,205622,207926,212603,212603,10,5,T,Sinners,forZe,TerroristsWin,4250,Pistol,4400,Pistol
432,REPUBLEAGUE-TIPOS-Season1-sinners-vs-forze-bo3,de_mirage,17,213243,215547,221992,221993,11,5,T,Sinners,forZe,TerroristsWin,11700,Half Buy,20500,Full Buy
433,REPUBLEAGUE-TIPOS-Season1-sinners-vs-forze-bo3,de_mirage,18,222633,224937,228005,228007,12,5,T,Sinners,forZe,TerroristsWin,3800,Eco,18050,Half Buy
434,REPUBLEAGUE-TIPOS-Season1-sinners-vs-forze-bo3,de_mirage,19,228647,230951,238579,238579,13,5,CT,forZe,Sinners,CTWin,25250,Full Buy,27350,Full Buy
435,REPUBLEAGUE-TIPOS-Season1-sinners-vs-forze-bo3,de_mirage,20,239219,241523,253486,253486,13,6,T,Sinners,forZe,TerroristsWin,30150,Full Buy,25300,Full Buy
436,REPUBLEAGUE-TIPOS-Season1-sinners-vs-forze-bo3,de_mirage,21,254126,256430,264287,264289,14,6,T,Sinners,forZe,TerroristsWin,20150,Half Buy,24650,Full Buy
437,REPUBLEAGUE-TIPOS-Season1-sinners-vs-forze-bo3,de_mirage,22,264929,274471,274471,274471,15,6,T,Sinners,forZe,TerroristsWin,16300,Half Buy,26950,Full Buy
438,Spring-Sweet-Spring-1-fiend-vs-ago-bo3,de_train,1,5049,7609,16148,16150,0,0,CT,AGO,Fiend,CTWin,4400,Pistol,4400,Pistol
439,Spring-Sweet-Spring-1-fiend-vs-ago-bo3,de_train,2,16790,19350,34070,34070,0,1,CT,AGO,Fiend,TargetSaved,21450,Half Buy,1700,Full Eco
440,Spring-Sweet-Spring-1-fiend-vs-ago-bo3,de_train,3,34710,37270,44340,44342,0,2,CT,AGO,Fiend,CTWin,19150,Half Buy,24850,Full Buy
441,Spring-Sweet-Spring-1-fiend-vs-ago-bo3,de_train,4,44982,47542,62112,62114,0,3,CT,AGO,Fiend,CTWin,29350,Full Buy,15800,Half Buy
442,Spring-Sweet-Spring-1-fiend-vs-ago-bo3,de_train,5,62754,69760,78884,78887,0,4,CT,AGO,Fiend,CTWin,25950,Full Buy,19650,Full Buy
443,Spring-Sweet-Spring-1-fiend-vs-ago-bo3,de_train,6,79527,82087,93259,93261,0,5,CT,AGO,Fiend,CTWin,30550,Full Buy,7450,Half Buy
444,Spring-Sweet-Spring-1-fiend-vs-ago-bo3,de_train,7,93901,96461,110121,110121,0,6,CT,AGO,Fiend,BombDefused,30700,Full Buy,26450,Full Buy
445,Spring-Sweet-Spring-1-fiend-vs-ago-bo3,de_train,8,110761,113321,126224,126224,0,7,CT,AGO,Fiend,BombDefused,32150,Full Buy,24800,Full Buy
446,Spring-Sweet-Spring-1-fiend-vs-ago-bo3,de_train,9,126864,133377,145353,145353,0,8,T,Fiend,AGO,TargetBombed,30850,Full Buy,22450,Full Buy
447,Spring-Sweet-Spring-1-fiend-vs-ago-bo3,de_train,10,145993,148553,164464,164464,1,8,CT,AGO,Fiend,BombDefused,14500,Half Buy,25100,Full Buy
448,Spring-Sweet-Spring-1-fiend-vs-ago-bo3,de_train,11,165104,167664,172537,172540,1,9,CT,AGO,Fiend,CTWin,30400,Full Buy,26250,Full Buy
449,Spring-Sweet-Spring-1-fiend-vs-ago-bo3,de_train,12,173180,175740,190227,190230,1,10,CT,AGO,Fiend,CTWin,30400,Full Buy,23150,Full Buy
450,Spring-Sweet-Spring-1-fiend-vs-ago-bo3,de_train,13,190870,193430,202561,202561,1,11,CT,AGO,Fiend,BombDefused,31350,Full Buy,9800,Half Buy
451,Spring-Sweet-Spring-1-fiend-vs-ago-bo3,de_train,14,203201,205761,211750,211752,1,12,T,Fiend,AGO,TerroristsWin,32950,Full Buy,23700,Full Buy
452,Spring-Sweet-Spring-1-fiend-vs-ago-bo3,de_train,15,212392,214952,221034,222214,2,12,CT,AGO,Fiend,BombDefused,24700,Full Buy,27950,Full Buy
453,Spring-Sweet-Spring-1-fiend-vs-ago-bo3,de_train,16,222854,225414,237573,237575,13,2,T,AGO,Fiend,TerroristsWin,4250,Pistol,4450,Pistol
454,Spring-Sweet-Spring-1-fiend-vs-ago-bo3,de_train,17,238215,240775,248385,248387,14,2,CT,Fiend,AGO,CTWin,11250,Half Buy,20750,Full Buy
455,Spring-Sweet-Spring-1-fiend-vs-ago-bo3,de_train,18,249027,251587,263274,263276,14,3,CT,Fiend,AGO,CTWin,23350,Full Buy,8450,Half Buy
456,Spring-Sweet-Spring-1-fiend-vs-ago-bo3,de_train,19,263916,266476,274413,274416,14,4,CT,Fiend,AGO,CTWin,25150,Full Buy,1300,Full Eco
457,Spring-Sweet-Spring-1-fiend-vs-ago-bo3,de_train,20,275056,277616,291446,291447,14,5,T,AGO,Fiend,TerroristsWin,32600,Full Buy,23650,Full Buy
458,Spring-Sweet-Spring-1-fiend-vs-ago-bo3,de_train,21,292087,294647,307991,307991,15,5,CT,Fiend,AGO,BombDefused,23200,Full Buy,24600,Full Buy
459,Spring-Sweet-Spring-1-fiend-vs-ago-bo3,de_train,22,308631,315174,319597,319600,15,6,CT,Fiend,AGO,CTWin,28550,Full Buy,8700,Half Buy
460,Spring-Sweet-Spring-1-fiend-vs-ago-bo3,de_train,23,320240,330605,330605,330605,15,7,T,AGO,Fiend,TerroristsWin,33100,Full Buy,22500,Full Buy
461,Spring-Sweet-Spring-1-fiend-vs-ago-bo3,de_dust2,1,0,0,10677,10683,0,0,T,Fiend,AGO,TerroristsWin,4450,Pistol,4600,Pistol
462,Spring-Sweet-Spring-1-fiend-vs-ago-bo3,de_dust2,2,11318,13878,22592,22596,1,0,T,Fiend,AGO,TerroristsWin,10350,Half Buy,17800,Half Buy
463,Spring-Sweet-Spring-1-fiend-vs-ago-bo3,de_dust2,3,23231,25791,26937,26943,2,0,T,Fiend,AGO,TerroristsWin,1300,Full Eco,19750,Full Buy
464,Spring-Sweet-Spring-1-fiend-vs-ago-bo3,de_dust2,4,27578,30138,41553,41558,3,0,CT,AGO,Fiend,BombDefused,29150,Full Buy,22500,Full Buy
465,Spring-Sweet-Spring-1-fiend-vs-ago-bo3,de_dust2,5,42193,44753,56918,56923,3,1,CT,AGO,Fiend,BombDefused,31000,Full Buy,27150,Full Buy
466,Spring-Sweet-Spring-1-fiend-vs-ago-bo3,de_dust2,6,57558,60118,72160,72166,3,2,CT,AGO,Fiend,CTWin,29250,Full Buy,22450,Full Buy
467,Spring-Sweet-Spring-1-fiend-vs-ago-bo3,de_dust2,7,72801,75361,83434,83439,3,3,CT,AGO,Fiend,CTWin,32900,Full Buy,4300,Eco
468,Spring-Sweet-Spring-1-fiend-vs-ago-bo3,de_dust2,8,84074,86634,94970,94977,3,4,CT,AGO,Fiend,CTWin,32650,Full Buy,25250,Full Buy
469,Spring-Sweet-Spring-1-fiend-vs-ago-bo3,de_dust2,9,95612,102890,110235,110242,3,5,CT,AGO,Fiend,CTWin,31700,Full Buy,9100,Half Buy
470,Spring-Sweet-Spring-1-fiend-vs-ago-bo3,de_dust2,10,110877,113437,128157,128162,3,6,CT,AGO,Fiend,TargetSaved,33800,Full Buy,25650,Full Buy
471,Spring-Sweet-Spring-1-fiend-vs-ago-bo3,de_dust2,11,128797,131357,144120,144126,3,7,CT,AGO,Fiend,CTWin,33450,Full Buy,13400,Half Buy
472,Spring-Sweet-Spring-1-fiend-vs-ago-bo3,de_dust2,12,144761,151422,164123,164130,3,8,T,Fiend,AGO,TerroristsWin,35500,Full Buy,25450,Full Buy
473,Spring-Sweet-Spring-1-fiend-vs-ago-bo3,de_dust2,13,164765,167325,177014,177021,4,8,T,Fiend,AGO,TerroristsWin,33600,Full Buy,24250,Full Buy
474,Spring-Sweet-Spring-1-fiend-vs-ago-bo3,de_dust2,14,177656,180216,190623,190630,5,8,CT,AGO,Fiend,CTWin,7000,Half Buy,28900,Full Buy
475,Spring-Sweet-Spring-1-fiend-vs-ago-bo3,de_dust2,15,191265,193825,204326,205550,5,9,CT,AGO,Fiend,CTWin,37700,Full Buy,22400,Full Buy
476,Spring-Sweet-Spring-1-fiend-vs-ago-bo3,de_dust2,16,206185,208745,216431,216437,10,5,CT,Fiend,AGO,CTWin,4250,Pistol,4500,Pistol
477,Spring-Sweet-Spring-1-fiend-vs-ago-bo3,de_dust2,17,217072,219632,223785,223791,10,6,CT,Fiend,AGO,CTWin,21750,Half Buy,11050,Half Buy
478,Spring-Sweet-Spring-1-fiend-vs-ago-bo3,de_dust2,18,224426,226986,231362,231367,10,7,CT,Fiend,AGO,CTWin,20600,Half Buy,3200,Eco
479,Spring-Sweet-Spring-1-fiend-vs-ago-bo3,de_dust2,19,232002,234562,244189,244196,10,8,T,AGO,Fiend,TerroristsWin,27050,Full Buy,25250,Full Buy
480,Spring-Sweet-Spring-1-fiend-vs-ago-bo3,de_dust2,20,244831,278326,294781,294786,11,8,T,AGO,Fiend,TargetBombed,27200,Full Buy,24700,Full Buy
481,Spring-Sweet-Spring-1-fiend-vs-ago-bo3,de_dust2,21,295421,297981,304144,304151,12,8,T,AGO,Fiend,TerroristsWin,15600,Half Buy,26650,Full Buy
482,Spring-Sweet-Spring-1-fiend-vs-ago-bo3,de_dust2,22,304786,307346,319106,319111,13,8,T,AGO,Fiend,TargetBombed,7950,Half Buy,28250,Full Buy
483,Spring-Sweet-Spring-1-fiend-vs-ago-bo3,de_dust2,23,319746,322306,329293,329300,14,8,CT,Fiend,AGO,CTWin,26500,Full Buy,27550,Full Buy
484,Spring-Sweet-Spring-1-fiend-vs-ago-bo3,de_dust2,24,329935,332495,340932,340939,14,9,T,AGO,Fiend,TerroristsWin,31000,Full Buy,26700,Full Buy
485,Spring-Sweet-Spring-1-fiend-vs-ago-bo3,de_dust2,25,341574,344134,355721,355726,15,9,CT,Fiend,AGO,BombDefused,25050,Full Buy,27950,Full Buy
486,Spring-Sweet-Spring-1-fiend-vs-ago-bo3,de_dust2,26,356361,358921,366610,366617,15,10,CT,Fiend,AGO,CTWin,29450,Full Buy,26750,Full Buy
487,Spring-Sweet-Spring-1-fiend-vs-ago-bo3,de_dust2,27,373320,382336,389446,389453,15,11,CT,Fiend,AGO,CTWin,29550,Full Buy,4750,Eco
488,Spring-Sweet-Spring-1-fiend-vs-ago-bo3,de_dust2,28,390088,400724,400724,400724,15,12,T,AGO,Fiend,TerroristsWin,32400,Full Buy,26750,Full Buy
489,Spring-Sweet-Spring-1-fiend-vs-ago-bo3,de_inferno,1,0,0,7097,7098,0,0,T,AGO,Field,TerroristsWin,4400,Pistol,4500,Pistol
490,Spring-Sweet-Spring-1-fiend-vs-ago-bo3,de_inferno,2,7738,10298,22406,22406,1,0,T,AGO,Field,TargetBombed,10500,Half Buy,20800,Full Buy
491,Spring-Sweet-Spring-1-fiend-vs-ago-bo3,de_inferno,3,23046,25606,36303,36305,2,0,T,AGO,Field,TerroristsWin,8050,Half Buy,23550,Full Buy
492,Spring-Sweet-Spring-1-fiend-vs-ago-bo3,de_inferno,4,36945,39505,52508,52510,3,0,CT,Field,AGO,CTWin,26650,Full Buy,23150,Full Buy
493,Spring-Sweet-Spring-1-fiend-vs-ago-bo3,de_inferno,5,53150,55710,65207,65209,3,1,T,AGO,Field,TerroristsWin,26000,Full Buy,12550,Half Buy
494,Spring-Sweet-Spring-1-fiend-vs-ago-bo3,de_inferno,6,65849,68409,84116,84118,4,1,T,AGO,Fiend,TerroristsWin,17350,Half Buy,25350,Full Buy
495,Spring-Sweet-Spring-1-fiend-vs-ago-bo3,de_inferno,7,84758,93239,100783,100786,5,1,T,AGO,Fiend,TerroristsWin,6100,Half Buy,25600,Full Buy
496,Spring-Sweet-Spring-1-fiend-vs-ago-bo3,de_inferno,8,101426,103986,120065,120066,6,1,T,AGO,Fiend,TerroristsWin,28250,Full Buy,26100,Full Buy
497,Spring-Sweet-Spring-1-fiend-vs-ago-bo3,de_inferno,9,120706,127637,145836,145836,7,1,T,AGO,Fiend,TargetBombed,7350,Half Buy,27650,Full Buy
498,Spring-Sweet-Spring-1-fiend-vs-ago-bo3,de_inferno,10,146476,149036,164050,164051,8,1,T,AGO,Fiend,TerroristsWin,29050,Full Buy,27550,Full Buy
499,Spring-Sweet-Spring-1-fiend-vs-ago-bo3,de_inferno,11,164691,167251,186175,186175,9,1,T,AGO,Fiend,TargetBombed,23750,Full Buy,27950,Full Buy
500,Spring-Sweet-Spring-1-fiend-vs-ago-bo3,de_inferno,12,186815,189375,201546,201547,10,1,T,AGO,Fiend,TerroristsWin,10450,Half Buy,27650,Full Buy
501,Spring-Sweet-Spring-1-fiend-vs-ago-bo3,de_inferno,13,202187,204747,219781,219783,11,1,T,AGO,Fiend,TerroristsWin,29450,Full Buy,28950,Full Buy
502,Spring-Sweet-Spring-1-fiend-vs-ago-bo3,de_inferno,14,220423,222983,233680,233681,12,1,CT,Fiend,AGO,CTWin,18900,Half Buy,29150,Full Buy
503,Spring-Sweet-Spring-1-fiend-vs-ago-bo3,de_inferno,15,234321,236881,247299,248519,12,2,T,AGO,Fiend,TerroristsWin,27000,Full Buy,31750,Full Buy
504,Spring-Sweet-Spring-1-fiend-vs-ago-bo3,de_inferno,16,249159,251719,262742,262743,2,13,T,Fiend,AGO,TerroristsWin,4350,Pistol,4600,Pistol
505,Spring-Sweet-Spring-1-fiend-vs-ago-bo3,de_inferno,17,263383,265943,276844,276844,3,13,T,Fiend,AGO,TargetBombed,10600,Half Buy,16250,Half Buy
506,Spring-Sweet-Spring-1-fiend-vs-ago-bo3,de_inferno,18,277484,280044,292595,292595,4,13,T,Fiend,AGO,TargetBombed,4400,Eco,19450,Full Buy
507,Spring-Sweet-Spring-1-fiend-vs-ago-bo3,de_inferno,19,293235,295795,305220,305221,5,13,T,Fiend,AGO,TerroristsWin,27550,Full Buy,27350,Full Buy
508,Spring-Sweet-Spring-1-fiend-vs-ago-bo3,de_inferno,20,305861,308421,322237,322237,6,13,T,Fiend,AGO,TargetBombed,9850,Half Buy,27800,Full Buy
509,Spring-Sweet-Spring-1-fiend-vs-ago-bo3,de_inferno,21,322877,329746,341275,341278,7,13,T,Fiend,AGO,TerroristsWin,31200,Full Buy,28250,Full Buy
510,Spring-Sweet-Spring-1-fiend-vs-ago-bo3,de_inferno,22,341918,344478,357370,357370,8,13,T,Fiend,AGO,TargetBombed,11000,Half Buy,28450,Full Buy
511,Spring-Sweet-Spring-1-fiend-vs-ago-bo3,de_inferno,23,358010,360570,368566,368567,9,13,T,Fiend,AGO,TerroristsWin,29350,Full Buy,28650,Full Buy
512,Spring-Sweet-Spring-1-fiend-vs-ago-bo3,de_inferno,24,369207,371767,382473,382474,10,13,T,Fiend,AGO,TerroristsWin,10600,Half Buy,29350,Full Buy
513,Spring-Sweet-Spring-1-fiend-vs-ago-bo3,de_inferno,25,383114,385674,401567,401568,11,13,T,Fiend,AGO,TerroristsWin,29850,Full Buy,29850,Full Buy
514,Spring-Sweet-Spring-1-fiend-vs-ago-bo3,de_inferno,26,402208,404768,415676,415678,12,13,T,Fiend,AGO,TerroristsWin,7000,Half Buy,29400,Full Buy
515,Spring-Sweet-Spring-1-fiend-vs-ago-bo3,de_inferno,27,416318,418878,431615,431618,13,13,CT,AGO,Fiend,CTWin,30350,Full Buy,29250,Full Buy
516,Spring-Sweet-Spring-1-fiend-vs-ago-bo3,de_inferno,28,432258,434818,443307,443309,13,14,CT,AGO,Fiend,CTWin,32700,Full Buy,28350,Full Buy
517,Spring-Sweet-Spring-1-fiend-vs-ago-bo3,de_inferno,29,443949,446509,462521,462521,13,15,T,Fiend,AGO,TargetBombed,32450,Full Buy,28750,Full Buy
518,Spring-Sweet-Spring-1-fiend-vs-ago-bo3,de_inferno,30,463161,465721,476678,477768,14,15,T,Fiend,AGO,TargetBombed,28050,Full Buy,32850,Full Buy
519,Spring-Sweet-Spring-1-fiend-vs-ago-bo3,de_inferno,31,478408,480968,489331,489333,15,15,CT,AGO,Fiend,CTWin,30600,Full Buy,29450,Full Buy
520,Spring-Sweet-Spring-1-fiend-vs-ago-bo3,de_inferno,32,489973,492533,502201,502199,15,16,T,Fiend,AGO,TerroristsWin,37450,Full Buy,29050,Full Buy
521,Spring-Sweet-Spring-1-fiend-vs-ago-bo3,de_inferno,33,502839,505399,513810,514935,16,16,CT,AGO,Fiend,CTWin,35150,Full Buy,29550,Full Buy
522,Spring-Sweet-Spring-1-fiend-vs-ago-bo3,de_inferno,34,515575,518135,528322,528324,16,17,CT,Fiend,AGO,CTWin,35300,Full Buy,25800,Full Buy
523,Spring-Sweet-Spring-1-fiend-vs-ago-bo3,de_inferno,35,528964,531524,547641,547641,16,18,CT,Fiend,AGO,BombDefused,36550,Full Buy,29750,Full Buy
524,Spring-Sweet-Spring-1-fiend-vs-ago-bo3,de_inferno,36,548281,561890,561890,561890,16,19,CT,Fiend,AGO,CTWin,47650,Full Buy,26900,Full Buy
525,Flashpoint-3-ClosedQualifier-mousesports-vs-anonymo-bo3,de_overpass,1,25084,27645,32393,32404,0,0,CT,Anonymo Esports,mousesports,CTWin,4250,Pistol,4300,Pistol
526,Flashpoint-3-ClosedQualifier-mousesports-vs-anonymo-bo3,de_overpass,2,33044,35594,50314,50314,0,1,CT,Anonymo Esports,mousesports,TargetSaved,22200,Full Buy,9600,Half Buy
527,Flashpoint-3-ClosedQualifier-mousesports-vs-anonymo-bo3,de_overpass,3,50954,53515,68992,69002,0,2,CT,Anonymo Esports,mousesports,BombDefused,19650,Half Buy,6700,Half Buy
528,Flashpoint-3-ClosedQualifier-mousesports-vs-anonymo-bo3,de_overpass,4,69642,72191,86561,86573,0,3,T,mousesports,Anonymo Esports,TerroristsWin,30800,Full Buy,27150,Full Buy
529,Flashpoint-3-ClosedQualifier-mousesports-vs-anonymo-bo3,de_overpass,5,87213,89762,107042,107042,1,3,T,mousesports,Anonymo Esports,TargetBombed,10400,Half Buy,25500,Full Buy
530,Flashpoint-3-ClosedQualifier-mousesports-vs-anonymo-bo3,de_overpass,6,107682,110242,121518,121529,2,3,T,mousesports,Anonymo Esports,TerroristsWin,4150,Eco,27350,Full Buy
531,Flashpoint-3-ClosedQualifier-mousesports-vs-anonymo-bo3,de_overpass,7,122169,124719,143789,143799,3,3,T,mousesports,Anonymo Esports,TargetBombed,23550,Full Buy,27550,Full Buy
532,Flashpoint-3-ClosedQualifier-mousesports-vs-anonymo-bo3,de_overpass,8,144439,146988,159804,159804,4,3,T,mousesports,Anonymo Esports,TerroristsWin,12900,Half Buy,27550,Full Buy
533,Flashpoint-3-ClosedQualifier-mousesports-vs-anonymo-bo3,de_overpass,9,160444,163005,168551,168551,5,3,T,mousesports,Anonymo Esports,TerroristsWin,27100,Full Buy,27650,Full Buy
534,Flashpoint-3-ClosedQualifier-mousesports-vs-anonymo-bo3,de_overpass,10,169191,175789,182889,182902,6,3,CT,Anonymo Esports,mousesports,CTWin,13050,Half Buy,27450,Full Buy
535,Flashpoint-3-ClosedQualifier-mousesports-vs-anonymo-bo3,de_overpass,11,183542,186093,200903,200914,6,4,T,mousesports,Anonymo Esports,TerroristsWin,27600,Full Buy,27350,Full Buy
536,Flashpoint-3-ClosedQualifier-mousesports-vs-anonymo-bo3,de_overpass,12,201554,204105,218879,218879,7,4,T,mousesports,Anonymo Esports,TargetBombed,8100,Half Buy,27550,Full Buy
537,Flashpoint-3-ClosedQualifier-mousesports-vs-anonymo-bo3,de_overpass,13,219519,222080,232162,232168,8,4,T,mousesports,Anonymo Esports,TargetBombed,29350,Full Buy,27550,Full Buy
538,Flashpoint-3-ClosedQualifier-mousesports-vs-anonymo-bo3,de_overpass,14,232808,235359,247291,247299,9,4,T,mousesports,Anonymo Esports,TargetBombed,26550,Full Buy,27450,Full Buy
539,Flashpoint-3-ClosedQualifier-mousesports-vs-anonymo-bo3,de_overpass,15,247939,250491,260513,261802,10,4,CT,Anonymo Esports,mousesports,CTWin,26600,Full Buy,29100,Full Buy
540,Flashpoint-3-ClosedQualifier-mousesports-vs-anonymo-bo3,de_overpass,16,262442,264993,276285,276285,5,10,CT,mousesports,Anonymo Esports,BombDefused,4300,Pistol,4400,Pistol
541,Flashpoint-3-ClosedQualifier-mousesports-vs-anonymo-bo3,de_overpass,17,276925,279485,291477,291487,5,11,CT,mousesports,Anonymo Esports,CTWin,22550,Full Buy,15700,Half Buy
542,Flashpoint-3-ClosedQualifier-mousesports-vs-anonymo-bo3,de_overpass,18,292127,294678,301936,301936,5,12,CT,mousesports,Anonymo Esports,BombDefused,27000,Full Buy,6300,Half Buy
543,Flashpoint-3-ClosedQualifier-mousesports-vs-anonymo-bo3,de_overpass,19,302576,305137,320963,320978,5,13,T,Anonymo Esports,mousesports,TerroristsWin,30650,Full Buy,26450,Full Buy
544,Flashpoint-3-ClosedQualifier-mousesports-vs-anonymo-bo3,de_overpass,20,321618,342611,349149,349160,6,13,T,Anonymo Esports,mousesports,TerroristsWin,17300,Half Buy,21700,Full Buy
545,Flashpoint-3-ClosedQualifier-mousesports-vs-anonymo-bo3,de_overpass,21,349800,352351,359055,359066,7,13,T,Anonymo Esports,mousesports,TerroristsWin,2000,Eco,28050,Full Buy
546,Flashpoint-3-ClosedQualifier-mousesports-vs-anonymo-bo3,de_overpass,22,359706,362256,377056,377065,8,13,T,Anonymo Esports,mousesports,TerroristsWin,22550,Full Buy,28350,Full Buy
547,Flashpoint-3-ClosedQualifier-mousesports-vs-anonymo-bo3,de_overpass,23,377705,380255,392402,392411,9,13,T,Anonymo Esports,mousesports,TargetBombed,7200,Half Buy,28150,Full Buy
548,Flashpoint-3-ClosedQualifier-mousesports-vs-anonymo-bo3,de_overpass,24,393051,395600,412696,412696,10,13,T,Anonymo Esports,mousesports,TargetBombed,31750,Full Buy,27850,Full Buy
549,Flashpoint-3-ClosedQualifier-mousesports-vs-anonymo-bo3,de_overpass,25,413336,415897,432015,432025,11,13,CT,mousesports,Anonymo Esports,BombDefused,28150,Full Buy,28050,Full Buy
550,Flashpoint-3-ClosedQualifier-mousesports-vs-anonymo-bo3,de_overpass,26,432665,435215,448826,448826,11,14,CT,mousesports,Anonymo Esports,CTWin,27650,Full Buy,27450,Full Buy
551,Flashpoint-3-ClosedQualifier-mousesports-vs-anonymo-bo3,de_overpass,27,449466,452027,462029,462041,11,15,T,Anonymo Esports,mousesports,TerroristsWin,22600,Full Buy,27050,Full Buy
552,Flashpoint-3-ClosedQualifier-mousesports-vs-anonymo-bo3,de_overpass,28,462681,465231,476587,476590,12,15,T,Anonymo Esports,mousesports,TerroristsWin,3400,Eco,27850,Full Buy
553,Flashpoint-3-ClosedQualifier-mousesports-vs-anonymo-bo3,de_overpass,29,477230,479790,497423,497419,13,15,T,Anonymo Esports,mousesports,TargetBombed,26150,Full Buy,28250,Full Buy
554,Flashpoint-3-ClosedQualifier-mousesports-vs-anonymo-bo3,de_overpass,30,498059,510772,510772,510772,14,15,CT,mousesports,Anonymo Esports,CTWin,26850,Full Buy,29500,Full Buy
555,Flashpoint-3-ClosedQualifier-mousesports-vs-anonymo-bo3,de_vertigo,1,20135,22684,28093,28092,0,0,CT,mousesports,Anonymo Esports,CTWin,4400,Pistol,4400,Pistol
556,Flashpoint-3-ClosedQualifier-mousesports-vs-anonymo-bo3,de_vertigo,2,28727,31288,35694,35701,0,1,CT,mousesports,Anonymo Esports,CTWin,19600,Half Buy,2000,Eco
557,Flashpoint-3-ClosedQualifier-mousesports-vs-anonymo-bo3,de_vertigo,3,36336,38897,53433,53449,0,2,CT,mousesports,Anonymo Esports,BombDefused,23100,Full Buy,23100,Full Buy
558,Flashpoint-3-ClosedQualifier-mousesports-vs-anonymo-bo3,de_vertigo,4,54084,56632,65328,65348,0,3,CT,mousesports,Anonymo Esports,CTWin,30650,Full Buy,10200,Half Buy
559,Flashpoint-3-ClosedQualifier-mousesports-vs-anonymo-bo3,de_vertigo,5,65983,68531,84805,84810,0,4,CT,mousesports,Anonymo Esports,BombDefused,31450,Full Buy,26450,Full Buy
560,Flashpoint-3-ClosedQualifier-mousesports-vs-anonymo-bo3,de_vertigo,6,85445,88005,106383,106397,0,5,T,Anonymo Esports,mousesports,TargetBombed,33300,Full Buy,24750,Full Buy
561,Flashpoint-3-ClosedQualifier-mousesports-vs-anonymo-bo3,de_vertigo,7,107032,109580,122678,122683,1,5,CT,mousesports,Anonymo Esports,CTWin,28900,Full Buy,26250,Full Buy
562,Flashpoint-3-ClosedQualifier-mousesports-vs-anonymo-bo3,de_vertigo,8,123318,125878,134921,134926,1,6,CT,mousesports,Anonymo Esports,BombDefused,25250,Full Buy,19050,Full Buy
563,Flashpoint-3-ClosedQualifier-mousesports-vs-anonymo-bo3,de_vertigo,9,135561,138121,148647,148665,1,7,CT,mousesports,Anonymo Esports,CTWin,29400,Full Buy,24200,Full Buy
564,Flashpoint-3-ClosedQualifier-mousesports-vs-anonymo-bo3,de_vertigo,10,149300,151848,157978,157996,1,8,CT,mousesports,Anonymo Esports,CTWin,29500,Full Buy,11200,Half Buy
565,Flashpoint-3-ClosedQualifier-mousesports-vs-anonymo-bo3,de_vertigo,11,158631,161179,175053,175069,1,9,CT,mousesports,Anonymo Esports,BombDefused,30800,Full Buy,24700,Full Buy
566,Flashpoint-3-ClosedQualifier-mousesports-vs-anonymo-bo3,de_vertigo,12,175704,182302,196902,196918,1,10,T,Anonymo Esports,mousesports,TargetBombed,31300,Full Buy,24200,Full Buy
567,Flashpoint-3-ClosedQualifier-mousesports-vs-anonymo-bo3,de_vertigo,13,197553,200101,216433,216440,2,10,T,Anonymo Esports,mousesports,TerroristsWin,28700,Full Buy,25400,Full Buy
568,Flashpoint-3-ClosedQualifier-mousesports-vs-anonymo-bo3,de_vertigo,14,217075,219635,231769,231786,3,10,T,Anonymo Esports,mousesports,TargetBombed,3700,Eco,27850,Full Buy
569,Flashpoint-3-ClosedQualifier-mousesports-vs-anonymo-bo3,de_vertigo,15,232421,234970,253648,254933,4,10,T,Anonymo Esports,mousesports,TerroristsWin,25600,Full Buy,29400,Full Buy
570,Flashpoint-3-ClosedQualifier-mousesports-vs-anonymo-bo3,de_vertigo,16,255568,258128,266366,266371,10,5,T,mousesports,Anonymo Esports,TerroristsWin,4250,Pistol,4450,Pistol
571,Flashpoint-3-ClosedQualifier-mousesports-vs-anonymo-bo3,de_vertigo,17,267006,269567,278855,278860,11,5,T,mousesports,Anonymo Esports,TerroristsWin,11200,Half Buy,19000,Full Buy
572,Flashpoint-3-ClosedQualifier-mousesports-vs-anonymo-bo3,de_vertigo,18,279495,282055,289289,289294,12,5,T,mousesports,Anonymo Esports,TerroristsWin,4500,Eco,21950,Full Buy
573,Flashpoint-3-ClosedQualifier-mousesports-vs-anonymo-bo3,de_vertigo,19,289929,292490,305660,305665,13,5,T,mousesports,Anonymo Esports,TerroristsWin,26250,Full Buy,26400,Full Buy
574,Flashpoint-3-ClosedQualifier-mousesports-vs-anonymo-bo3,de_vertigo,20,306300,308861,325141,325146,14,5,CT,Anonymo Esports,mousesports,BombDefused,10800,Half Buy,29050,Full Buy
575,Flashpoint-3-ClosedQualifier-mousesports-vs-anonymo-bo3,de_vertigo,21,325781,328341,337305,337312,14,6,T,mousesports,Anonymo Esports,TerroristsWin,30500,Full Buy,25300,Full Buy
576,Flashpoint-3-ClosedQualifier-mousesports-vs-anonymo-bo3,de_vertigo,22,337947,351916,351916,351916,15,6,T,mousesports,Anonymo Esports,TerroristsWin,29350,Full Buy,25500,Full Buy
